year,week,Ajdovščina,Brežice,Celje,Cerknica,Črnomelj,Domžale,Dravograd,Gornja Radgona,Grosuplje,Hrastnik,Idrija,Ilirska Bistrica,Izola,Jesenice,Kamnik,Kočevje,Koper,Kranj,Krško,Laško,Lenart,Lendava,Litija,Ljubljana,Ljutomer,Logatec,Maribor,Metlika,Mozirje,Murska Sobota,Nova Gorica,Novo mesto,Ormož,Pesnica,Piran,Postojna,Ptuj,Radlje ob Dravi,Radovljica,Ravne na Koroškem,Ribnica,Ruše,Šentjur pri Celju,Sevnica,Sežana,Škofja Loka,Slovenj Gradec,Slovenska Bistrica,Slovenske Konjice,Šmarje pri Jelšah,Tolmin,Trbovlje,Trebnje,Tržič,Velenje,Vrhnika,Zagorje ob Savi,Žalec
2010,1,7,11,18,2,3,4,2,1,6,0,1,1,13,12,0,1,3,11,1,2,7,4,2,82,6,0,45,1,3,23,11,13,2,1,1,3,10,2,4,0,3,0,1,2,12,2,5,2,2,8,3,3,2,1,11,2,0,7
2010,2,3,8,20,3,6,2,2,5,0,2,1,0,12,15,2,2,1,17,0,1,2,1,1,77,1,1,33,0,0,14,11,15,3,0,3,2,16,1,5,0,0,3,0,1,2,3,15,2,2,3,3,7,1,1,12,3,4,0
2010,3,1,8,31,3,1,5,0,2,1,2,3,2,11,10,3,2,5,14,1,3,1,2,1,69,2,1,23,2,3,15,12,16,1,4,3,3,17,2,7,4,2,2,1,3,9,0,4,2,0,4,1,6,4,4,12,2,2,4
2010,4,2,7,22,1,2,3,1,2,3,1,1,3,17,14,2,5,3,13,2,3,4,6,1,69,3,2,57,2,4,25,11,18,2,1,1,5,15,1,2,0,3,3,3,1,7,7,6,4,1,3,1,4,2,1,11,4,2,6
2010,5,1,8,24,1,1,2,1,0,4,1,2,2,18,15,5,3,7,17,1,3,4,3,2,84,4,4,53,2,0,27,16,20,3,1,2,0,11,1,8,1,2,1,0,2,4,1,12,3,3,4,7,5,1,4,6,4,0,0
2010,6,2,7,18,3,4,4,4,6,2,0,0,5,16,10,1,4,3,16,3,2,3,2,5,56,1,3,38,2,2,22,15,17,3,3,2,2,15,1,1,1,4,1,4,3,3,5,6,3,3,7,2,3,3,1,12,3,1,3
2010,7,1,14,26,4,4,2,1,2,5,1,6,5,16,12,4,2,10,11,1,0,1,4,4,68,1,0,43,3,1,21,13,17,0,2,7,5,14,0,2,5,1,1,3,1,5,5,7,1,1,3,4,7,0,1,18,2,0,3
2010,8,3,14,27,2,1,0,1,3,3,0,1,4,10,10,5,3,6,19,3,3,5,2,2,96,2,6,45,2,4,19,18,26,1,2,3,1,22,1,8,3,3,2,3,8,3,1,8,5,7,1,4,5,1,6,19,5,2,5
2010,9,3,7,20,1,0,8,0,2,0,2,2,2,7,8,4,4,1,8,2,2,2,7,0,82,0,0,55,0,1,21,24,13,6,1,0,4,14,1,9,1,5,3,5,4,5,6,10,3,0,4,3,7,0,1,8,0,3,2
2010,10,3,9,26,1,1,3,2,2,2,2,5,0,8,14,4,1,8,18,3,0,2,3,2,69,3,4,38,2,5,12,14,17,3,0,3,3,25,2,8,0,1,0,2,3,13,3,7,2,1,2,2,9,1,0,12,3,1,2
2010,11,1,8,18,7,1,2,2,1,5,2,4,1,11,9,2,0,7,12,0,5,2,2,1,78,2,1,47,2,3,16,17,11,1,3,1,0,13,0,8,4,1,0,3,1,7,3,12,4,1,4,4,7,0,4,15,3,2,2
2010,12,2,6,26,3,0,5,0,5,2,1,2,1,16,9,4,4,5,14,2,5,4,2,2,80,1,2,34,1,1,11,15,18,0,1,3,3,11,0,12,1,3,4,2,2,8,6,8,1,0,6,1,11,3,1,9,1,3,0
2010,13,6,8,20,3,1,6,0,5,6,1,0,4,12,9,3,3,3,19,3,2,3,2,4,69,4,2,46,2,1,21,11,18,2,4,3,3,4,0,6,0,3,1,4,0,5,4,4,4,0,2,4,7,1,0,7,1,1,3
2010,14,0,12,12,3,2,4,1,5,4,0,2,2,8,7,3,3,4,12,3,5,3,2,3,86,6,2,40,2,2,24,16,17,2,4,1,3,11,3,6,1,0,0,0,4,3,1,7,0,3,4,3,7,0,1,10,4,3,1
2010,15,1,5,23,2,1,4,0,2,3,1,2,2,17,9,4,3,4,16,3,2,1,4,1,95,3,0,47,1,7,24,13,19,3,1,1,1,15,0,17,3,2,2,4,2,6,4,9,1,1,5,0,4,1,0,8,7,2,2
2010,16,1,6,34,3,1,7,2,4,2,2,3,2,4,9,2,2,3,12,3,5,1,3,1,67,0,3,50,2,3,21,15,21,1,1,2,4,10,0,7,3,2,2,2,2,2,6,8,2,2,1,2,3,1,0,8,1,5,6
2010,17,3,9,19,1,1,8,2,3,2,0,3,2,14,12,4,3,4,15,4,2,1,5,2,79,1,1,47,1,2,19,14,21,5,3,2,4,12,0,13,1,5,0,2,4,4,6,13,6,5,1,2,8,1,1,18,1,3,6
2010,18,6,7,23,0,1,2,0,3,3,4,1,4,5,6,4,2,4,11,5,2,5,1,3,79,3,2,38,2,3,9,10,17,2,0,1,3,19,3,6,0,4,1,1,2,7,5,13,3,2,0,4,11,2,3,15,2,1,4
2010,19,4,10,27,1,3,1,3,1,4,3,3,0,6,10,3,1,2,16,2,3,2,2,4,81,2,2,44,1,2,16,14,20,1,1,0,3,15,1,12,1,1,1,1,0,2,5,10,4,4,2,2,5,2,2,7,1,0,2
2010,20,0,8,23,0,2,9,0,0,4,1,1,5,4,10,2,2,5,7,0,3,3,3,3,74,5,1,38,2,5,16,19,13,3,3,1,1,13,2,23,1,2,3,0,1,5,9,5,1,0,4,3,4,1,0,11,4,2,1
2010,21,0,13,15,3,1,3,0,2,1,2,2,4,7,9,2,1,5,13,1,3,0,3,3,66,0,3,41,0,3,20,9,14,1,0,1,2,19,1,15,2,1,1,1,2,5,6,9,3,2,6,0,5,2,1,12,0,4,4
2010,22,3,13,21,5,4,1,0,3,0,2,2,1,9,11,3,5,3,18,1,7,2,4,4,72,6,1,39,3,3,20,13,10,3,3,0,4,14,2,6,3,1,1,1,4,4,4,7,1,3,5,2,2,2,0,16,2,2,3
2010,23,6,6,19,3,2,2,3,6,5,1,3,1,8,13,2,3,5,23,0,3,4,4,1,82,2,2,58,2,3,18,13,13,2,1,0,0,16,3,15,1,3,1,4,1,4,6,7,8,2,3,3,1,3,0,14,1,2,7
2010,24,4,3,22,2,2,7,2,1,2,1,0,2,12,10,6,3,5,16,2,2,2,5,0,71,6,0,41,2,3,18,14,10,0,1,0,4,17,2,2,2,0,1,1,1,5,5,6,2,1,5,3,2,1,0,11,4,2,3
2010,25,4,5,25,1,5,3,0,0,3,0,7,2,5,7,1,3,2,19,1,2,1,1,2,75,2,1,35,2,3,13,11,15,1,3,1,5,10,0,1,2,0,1,1,1,2,7,4,1,0,3,1,4,0,3,10,3,2,5
2010,26,4,2,18,3,3,4,1,1,5,3,2,4,13,12,2,4,1,11,2,2,1,8,1,96,1,2,45,2,5,14,19,22,4,3,0,2,14,2,7,2,2,2,1,2,7,2,5,2,3,3,1,2,1,2,8,1,1,1
2010,27,2,9,16,2,1,8,0,3,6,1,4,0,10,10,4,4,4,12,2,2,3,5,1,73,1,0,37,8,4,13,11,14,0,2,0,2,13,1,11,3,6,1,0,5,8,2,10,4,1,6,0,3,3,1,16,0,3,3
2010,28,4,9,29,2,2,4,2,3,1,1,1,2,19,18,1,1,2,12,6,1,3,1,3,88,4,1,36,2,6,17,14,13,6,2,6,2,19,2,2,1,1,0,1,2,6,5,8,3,1,6,4,3,0,1,13,2,1,2
2010,29,1,2,21,2,0,6,0,7,1,1,2,2,9,13,1,4,3,12,3,2,2,1,1,90,3,0,43,2,1,21,11,13,2,1,2,5,11,3,4,3,0,3,2,1,3,2,4,0,1,5,4,6,4,2,7,3,1,2
2010,30,5,10,28,2,1,9,0,3,2,0,5,0,15,5,2,1,1,11,1,2,3,7,1,78,2,2,34,1,2,10,13,15,0,3,3,2,9,0,2,1,2,2,0,1,2,1,5,3,1,3,1,5,1,2,11,4,0,2
2010,31,5,15,25,2,4,5,2,2,3,1,1,0,6,8,2,4,3,17,4,4,2,4,1,65,2,1,33,2,3,16,14,8,1,1,3,1,15,2,12,0,3,0,3,5,5,2,3,5,0,2,3,2,1,1,11,2,0,2
2010,32,5,4,23,3,2,2,1,0,6,0,3,2,14,5,3,1,1,14,4,3,0,3,1,72,5,1,28,1,3,15,10,21,1,0,4,6,18,0,3,1,5,1,2,1,10,3,12,2,3,2,4,3,2,1,10,2,1,5
2010,33,2,7,17,2,2,5,2,2,2,1,2,1,12,7,5,6,2,10,1,1,6,3,1,71,1,0,34,0,2,20,7,8,0,1,1,0,12,0,1,3,3,0,1,1,3,2,8,5,4,1,3,7,1,1,9,2,2,1
2010,34,1,9,13,3,2,2,1,1,2,0,2,2,8,14,2,2,3,16,4,2,0,5,1,66,4,0,39,3,3,11,14,14,2,4,1,1,14,2,7,1,2,0,2,5,2,3,6,1,3,4,5,10,1,1,6,0,2,2
2010,35,3,3,24,2,1,7,0,4,6,1,3,1,9,4,3,2,2,17,4,3,1,2,2,76,6,3,35,0,2,22,11,14,2,0,0,1,4,0,2,2,3,1,3,5,3,3,7,6,2,2,1,3,2,2,12,0,1,5
2010,36,2,9,16,3,0,6,1,1,2,1,3,2,10,12,3,1,5,18,2,4,1,3,0,80,2,3,45,2,2,21,8,15,0,1,1,5,13,2,7,2,2,2,2,2,6,2,9,2,1,4,4,9,2,3,8,2,0,6
2010,37,1,8,23,3,0,3,2,1,5,0,2,6,10,12,2,0,2,16,3,4,5,3,0,82,2,3,34,1,0,20,16,13,2,2,0,5,11,1,1,2,0,0,3,2,2,4,8,3,1,7,5,4,0,1,13,3,4,2
2010,38,2,19,28,1,1,2,1,1,1,0,2,2,10,17,3,5,3,15,2,2,2,2,1,72,1,1,46,5,4,31,9,18,2,3,2,5,13,5,12,4,1,1,0,2,4,5,13,1,4,1,2,4,2,1,10,2,2,4
2010,39,2,8,16,1,1,7,2,3,1,0,2,6,15,13,2,0,4,16,3,1,2,1,2,82,2,1,29,2,6,21,11,17,1,2,3,0,10,2,8,1,0,1,2,1,6,3,12,3,3,2,4,4,1,1,12,2,2,3
2010,40,3,7,20,2,2,3,0,0,6,2,2,1,17,9,5,1,2,7,3,2,3,6,0,72,3,2,39,1,0,17,9,13,1,0,4,0,11,1,2,3,1,1,5,3,4,0,17,6,0,6,2,5,0,4,12,2,0,4
2010,41,5,7,28,4,1,5,3,4,2,0,5,1,16,8,4,2,4,12,1,0,1,2,2,74,2,0,49,2,2,15,13,18,2,0,1,6,15,1,1,3,2,2,1,3,5,3,6,4,3,2,4,5,2,0,13,1,1,3
2010,42,2,4,24,2,5,6,1,0,3,1,1,7,14,9,4,1,5,11,1,2,5,6,1,83,3,0,32,4,3,18,21,19,1,1,5,4,21,0,0,3,0,1,2,3,2,5,14,2,1,4,4,7,2,2,18,4,2,2
2010,43,1,9,27,1,2,8,1,4,5,0,2,1,10,5,2,2,4,15,1,5,4,3,1,85,1,0,42,1,1,22,20,13,4,0,3,4,11,0,1,0,1,3,1,4,7,3,5,5,0,5,5,11,3,0,18,4,4,1
2010,44,5,9,18,3,4,3,2,3,3,1,3,2,8,9,5,3,3,14,0,5,3,3,0,76,1,1,46,1,4,24,20,16,3,2,0,1,12,2,1,2,1,1,1,0,3,5,11,3,0,2,3,6,1,0,8,2,1,4
2010,45,2,8,16,2,2,2,1,1,4,1,4,4,14,7,4,1,3,13,6,1,2,4,0,64,5,4,36,1,3,11,12,17,2,3,1,1,24,1,4,1,0,0,4,4,4,9,6,3,0,6,1,4,2,1,6,0,1,2
2010,46,4,11,27,1,1,6,1,2,3,0,1,0,14,9,1,3,9,17,1,3,4,4,1,68,2,4,32,2,2,19,10,16,0,1,4,1,13,3,3,1,2,0,1,2,2,7,5,2,3,2,5,6,0,1,9,1,1,4
2010,47,6,9,21,2,1,3,1,4,3,0,0,1,13,16,1,1,8,10,3,1,5,3,1,68,3,3,40,0,4,15,19,14,2,3,4,4,16,1,12,2,3,4,2,9,5,3,8,5,5,4,3,1,3,1,6,1,4,2
2010,48,1,5,22,0,0,4,0,5,4,2,3,2,9,11,5,1,6,9,3,2,2,11,3,68,1,3,49,0,3,25,18,19,3,1,0,2,14,2,4,1,4,0,1,1,5,1,12,4,0,1,4,8,2,1,11,5,6,3
2010,49,5,6,17,2,0,6,5,3,2,1,1,2,10,15,0,2,1,12,2,2,2,1,1,79,1,0,33,3,1,24,12,14,0,3,1,1,17,1,3,3,0,0,0,2,5,3,5,6,3,6,3,4,5,1,10,2,3,1
2010,50,0,11,28,1,3,7,2,1,2,0,4,2,15,17,1,1,6,12,0,4,3,5,4,87,1,2,37,0,5,25,19,21,0,3,0,2,14,3,4,1,1,1,1,2,9,2,10,4,1,8,4,7,2,3,15,1,0,5
2010,51,6,13,22,3,4,4,0,6,4,0,2,1,16,13,6,4,2,15,4,3,2,2,1,84,2,6,60,2,5,16,20,11,2,4,4,6,15,5,8,4,1,3,1,7,5,3,10,4,2,5,1,6,2,1,10,0,1,4
2010,52,1,6,19,2,2,3,0,2,2,1,2,1,8,6,0,1,2,15,1,1,2,5,1,47,0,3,26,0,1,8,17,12,0,3,0,0,17,0,0,2,1,2,1,0,2,3,6,0,2,4,4,6,2,1,10,2,4,5
2010,53,0,3,6,2,0,0,0,1,1,0,1,2,7,3,3,1,2,4,0,2,1,0,1,31,1,0,18,1,2,9,9,6,1,0,0,2,10,0,2,0,4,0,0,3,2,1,4,1,1,1,0,1,2,0,6,0,3,1
2011,1,4,11,26,2,3,6,1,2,6,0,4,3,10,9,3,0,9,18,4,2,5,1,3,86,1,1,35,0,2,15,22,14,3,3,2,1,13,1,1,3,2,1,3,5,2,6,13,4,3,7,3,11,2,2,11,1,3,4
2011,2,11,9,28,1,2,7,5,1,6,2,2,2,12,9,1,2,4,11,5,6,1,4,1,83,2,1,52,3,1,17,15,26,1,1,6,4,20,3,6,7,0,1,2,2,5,2,14,4,1,3,3,9,2,3,11,4,4,9
2011,3,2,9,21,1,2,6,0,1,4,2,6,4,13,11,2,2,5,18,3,1,1,4,4,86,1,3,45,2,4,29,12,17,2,2,7,2,24,1,8,3,1,1,4,6,3,7,7,6,0,3,4,8,1,1,12,4,2,4
2011,4,1,15,23,4,3,5,1,2,4,0,2,2,14,10,3,3,5,11,1,0,2,3,1,79,4,3,35,1,3,27,20,22,3,4,1,3,19,4,9,1,2,6,3,5,5,8,11,3,4,3,2,5,2,3,13,2,1,6
2011,5,4,7,20,4,2,6,3,3,4,1,3,4,15,11,4,1,3,14,1,0,1,4,5,71,4,5,46,1,1,27,20,10,3,1,4,4,14,2,4,2,1,0,1,2,5,5,9,7,2,5,9,4,2,2,15,3,4,4
2011,6,4,9,20,2,3,0,1,2,2,1,2,3,8,12,2,3,3,27,3,2,2,2,1,88,1,0,46,0,4,26,12,16,2,3,3,1,13,2,6,3,2,0,2,2,4,4,16,4,0,4,0,6,2,2,5,4,2,5
2011,7,1,5,24,1,0,7,1,7,2,1,1,1,7,13,8,3,3,13,0,4,2,1,2,85,3,1,58,0,2,25,18,25,3,1,2,2,21,1,2,5,2,2,2,1,3,3,16,5,3,4,4,3,1,3,13,2,2,7
2011,8,3,5,16,2,0,4,0,4,5,2,3,1,13,7,3,3,3,16,2,3,3,0,2,86,2,1,52,0,0,24,28,18,0,2,5,2,18,3,2,2,3,0,4,6,4,4,7,4,2,3,2,5,1,1,13,1,1,3
2011,9,4,14,19,2,2,6,0,5,8,1,3,3,14,11,3,2,2,8,0,0,1,2,4,90,2,1,41,1,2,22,14,19,0,2,0,2,7,1,5,6,2,2,5,1,6,3,8,5,3,3,3,6,2,3,6,3,3,4
2011,10,2,7,25,2,3,6,0,5,6,0,6,2,10,12,3,3,6,13,2,2,1,4,3,75,4,1,53,1,4,22,26,23,1,1,2,1,18,1,4,2,4,2,1,4,2,3,13,4,1,3,2,5,2,2,8,2,3,7
2011,11,5,10,30,2,0,4,1,2,4,2,3,2,7,11,3,2,4,10,4,1,3,2,2,77,3,1,48,1,0,24,15,20,3,4,1,2,10,2,1,1,2,0,5,2,8,2,15,2,3,8,4,5,3,0,9,1,2,1
2011,12,4,13,20,1,2,1,0,2,2,0,2,0,17,9,2,1,6,19,6,0,1,8,5,74,2,3,37,0,1,26,22,17,1,3,2,1,11,2,3,1,0,0,3,4,3,2,8,5,0,7,5,4,1,0,14,4,4,3
2011,13,1,6,15,0,2,1,0,9,0,2,4,0,12,8,3,2,9,11,4,4,1,3,1,83,2,2,38,0,3,23,18,14,0,3,0,1,20,5,2,4,5,0,2,1,3,5,10,1,2,6,2,3,1,5,11,2,4,2
2011,14,2,10,21,4,1,3,0,2,5,1,2,5,9,10,2,0,5,10,3,0,3,4,2,82,3,0,40,1,2,14,11,23,2,1,0,2,15,2,3,1,2,1,3,4,3,5,9,1,2,4,0,7,2,1,4,2,4,8
2011,15,1,4,28,2,2,4,2,3,3,2,2,4,10,12,3,4,2,13,2,0,6,4,2,61,1,1,40,2,3,19,9,23,2,1,2,1,19,3,2,3,3,5,2,3,5,0,10,3,2,3,2,3,2,1,7,2,0,5
2011,16,0,13,20,5,2,1,1,4,1,0,1,4,15,9,4,2,6,13,3,3,1,2,4,76,0,4,43,1,8,20,23,17,1,1,0,5,15,1,4,0,4,2,2,2,6,3,10,2,1,2,3,7,3,0,12,1,1,5
2011,17,2,10,17,1,1,4,0,4,5,2,1,6,14,11,5,3,7,11,2,3,2,7,0,70,1,1,45,3,2,17,13,13,0,4,2,3,15,1,5,6,1,1,2,1,1,6,9,3,5,5,3,3,1,1,12,2,0,4
2011,18,3,8,18,3,0,5,1,3,8,0,1,4,10,11,1,1,3,10,4,6,4,5,1,75,1,1,35,1,5,22,21,17,1,1,0,1,20,0,6,2,1,0,2,1,6,3,5,4,2,7,4,6,0,2,11,2,2,8
2011,19,5,6,19,0,3,1,3,2,5,0,2,1,14,10,2,0,3,15,1,4,4,0,2,72,3,4,34,0,3,27,13,10,3,2,2,6,14,0,4,3,0,0,0,2,4,7,7,4,1,3,1,11,1,2,13,2,3,6
2011,20,1,8,20,1,3,2,0,0,3,1,2,4,17,3,1,0,1,20,2,1,0,3,1,77,2,0,40,1,4,10,17,16,2,1,1,2,16,1,1,1,0,0,0,1,1,3,5,4,2,0,2,7,2,2,7,0,2,7
2011,21,2,5,12,3,3,6,2,2,4,1,0,0,8,6,3,4,1,14,1,1,1,4,1,87,3,1,43,1,4,18,14,25,0,2,1,0,10,1,3,2,0,3,1,0,1,1,7,3,0,2,4,2,2,0,5,1,2,6
2011,22,1,8,16,2,3,4,1,6,2,0,1,1,11,10,3,2,4,13,0,3,0,3,3,84,3,5,39,1,5,14,8,14,1,3,2,5,20,0,4,2,1,1,2,5,4,4,6,3,1,4,2,7,4,1,8,2,3,6
2011,23,1,8,11,5,1,6,0,0,6,1,0,4,7,7,3,1,2,8,1,1,3,4,1,67,2,4,36,2,2,30,11,12,2,2,1,1,10,2,3,3,4,0,3,4,1,2,6,5,2,0,2,6,3,2,9,1,3,4
2011,24,6,8,21,1,2,4,1,4,4,1,3,2,11,5,1,3,4,13,6,5,3,0,1,66,1,4,57,2,3,17,13,10,0,1,2,4,8,2,2,5,5,2,1,2,8,4,6,1,1,1,1,2,0,1,9,3,4,3
2011,25,1,4,17,3,2,4,2,0,6,0,4,2,9,8,1,4,3,11,2,7,1,5,4,60,3,0,39,1,7,16,11,12,1,3,0,1,12,0,4,3,7,1,1,1,2,4,11,4,1,3,2,8,2,0,7,3,5,1
2011,26,0,9,15,2,3,2,1,6,4,0,1,4,12,12,4,1,2,13,0,1,2,5,4,76,1,2,45,0,3,22,8,9,7,0,1,0,16,0,6,1,1,2,3,3,4,2,7,1,2,5,3,4,2,1,13,0,4,4
2011,27,3,4,25,2,1,3,0,0,4,2,3,0,12,5,2,1,1,14,0,2,3,5,1,71,1,0,42,1,3,17,11,19,1,2,0,2,14,2,4,2,1,1,0,4,5,3,8,0,2,3,7,4,2,1,9,2,0,5
2011,28,1,7,16,3,3,10,1,3,3,0,1,2,9,8,2,3,5,11,2,4,1,3,3,88,5,2,40,0,2,22,8,17,1,2,0,0,17,0,8,0,3,0,1,2,4,2,11,2,1,2,2,7,1,2,11,1,5,1
2011,29,1,8,22,1,2,6,2,3,4,0,1,2,11,10,2,2,3,13,2,1,0,6,1,86,2,0,35,1,2,18,8,27,2,1,1,1,7,2,5,3,0,1,1,2,3,2,7,3,2,5,8,6,2,0,6,0,4,4
2011,30,1,7,19,3,1,3,3,1,5,1,2,3,7,8,1,1,2,19,4,0,2,2,5,65,0,1,33,1,2,18,18,13,4,1,0,3,7,0,3,2,1,1,2,2,6,1,3,2,1,1,3,5,0,0,8,4,2,3
2011,31,3,8,23,3,2,5,2,2,5,1,5,4,11,11,3,0,5,5,2,2,3,1,0,68,2,1,35,0,3,16,13,12,2,0,0,6,15,3,6,5,0,3,0,2,2,3,10,1,4,5,2,6,2,1,16,1,1,5
2011,32,1,7,20,1,2,5,3,2,2,1,1,0,9,8,1,2,3,11,3,3,2,2,1,82,1,1,29,0,3,19,12,13,4,3,1,3,22,0,3,2,2,0,0,2,7,4,2,4,2,2,4,5,2,1,7,1,1,5
2011,33,2,10,17,6,1,5,2,3,1,0,2,5,15,8,2,2,2,16,2,1,6,6,0,85,7,2,37,1,6,22,13,13,0,0,5,4,19,1,9,2,3,1,2,1,3,1,10,4,2,3,5,6,0,0,9,1,4,4
2011,34,4,5,27,3,4,5,1,2,3,0,2,3,17,8,1,2,5,25,2,0,1,2,1,70,2,2,25,0,0,19,16,14,1,5,1,3,21,3,6,0,4,0,1,3,3,5,10,5,2,2,4,6,4,2,12,4,2,2
2011,35,3,13,21,3,0,5,0,1,1,2,2,0,19,12,5,2,7,13,2,3,3,4,2,79,4,1,31,0,1,13,17,15,2,0,0,2,18,3,3,1,2,0,4,1,1,3,4,5,0,1,4,4,4,1,15,2,1,2
2011,36,2,9,18,0,0,5,0,1,3,2,2,4,10,11,0,0,4,14,2,0,5,5,1,85,2,5,29,1,0,26,15,13,2,2,1,4,10,1,3,2,2,1,6,1,1,1,10,5,2,4,1,2,1,1,12,1,1,2
2011,37,2,8,29,2,5,5,0,1,2,4,0,1,13,12,3,1,2,11,2,3,3,5,1,73,2,4,42,2,4,23,10,21,1,0,1,5,13,1,6,2,3,0,3,0,1,2,6,4,2,9,4,0,0,1,9,3,4,2
2011,38,3,8,19,1,2,6,0,2,4,1,2,1,10,8,1,4,2,11,2,1,0,2,3,80,1,2,37,0,2,13,15,17,4,2,2,2,14,2,2,2,3,0,2,4,3,1,10,6,2,3,3,7,3,1,12,0,1,0
2011,39,1,8,20,2,0,5,1,5,1,1,2,1,9,12,2,2,4,10,4,0,2,3,3,79,0,1,37,3,0,14,12,12,0,2,2,1,13,1,4,1,2,0,1,2,4,2,8,1,2,1,6,8,1,2,6,3,1,5
2011,40,0,13,32,4,2,3,1,3,1,1,1,1,12,9,3,1,8,10,0,3,2,3,3,74,1,2,44,0,3,19,6,15,2,1,1,2,14,3,6,5,3,1,2,4,3,4,9,3,1,1,2,4,1,2,7,4,2,4
2011,41,3,2,25,0,1,7,1,5,3,0,2,1,10,8,3,1,4,22,1,0,2,1,3,78,2,0,44,2,2,20,13,18,1,0,2,1,17,1,9,3,0,0,1,2,1,4,8,4,1,5,1,6,2,0,6,3,1,3
2011,42,2,5,27,2,1,6,0,5,5,3,1,3,7,5,5,4,5,13,1,3,5,5,2,72,1,0,49,2,0,21,21,23,2,3,0,3,10,1,2,1,3,3,1,0,5,6,9,5,2,6,3,8,0,0,11,4,0,2
2011,43,2,6,21,1,1,1,2,4,3,0,0,0,11,8,2,2,6,13,4,4,5,2,1,74,3,1,62,0,5,21,15,11,8,3,1,1,14,3,4,1,2,0,2,4,3,3,6,2,2,1,1,6,3,1,8,2,2,1
2011,44,0,5,22,2,3,3,2,0,4,4,2,1,14,11,1,4,5,15,6,3,3,3,1,75,1,0,37,1,5,26,19,15,1,1,6,2,18,0,1,4,8,2,0,2,3,5,13,10,3,3,6,3,0,1,7,1,1,5
2011,45,2,5,21,1,0,3,0,3,4,1,4,1,9,6,1,1,5,11,2,3,0,2,8,78,2,2,33,1,2,20,17,14,3,5,4,0,19,3,3,3,4,0,1,5,2,3,15,7,2,4,4,3,1,0,10,3,1,5
2011,46,1,7,11,2,4,2,1,2,4,2,2,3,16,10,1,3,4,17,2,1,1,0,0,78,2,3,42,1,0,20,17,14,2,2,0,4,14,1,5,2,3,2,1,5,3,4,14,4,0,3,5,9,0,2,7,3,0,6
2011,47,1,7,22,2,0,2,1,3,5,1,1,4,16,10,4,2,6,4,0,2,5,5,1,69,1,3,47,1,4,23,14,12,2,2,4,1,22,5,1,6,4,1,3,1,2,4,3,4,7,4,5,6,3,0,11,4,2,6
2011,48,5,3,16,0,2,6,2,4,3,1,3,4,14,9,3,0,8,15,3,5,1,6,2,70,1,4,46,0,3,16,10,13,1,0,0,1,15,0,8,0,3,4,2,3,8,3,10,5,2,3,4,3,4,1,10,3,0,3
2011,49,2,14,21,0,1,4,1,2,5,2,1,2,10,10,7,5,3,19,4,1,1,2,0,88,0,2,57,1,2,18,15,13,4,6,0,2,10,2,4,3,0,0,0,2,3,2,8,5,3,2,3,5,4,4,12,2,0,4
2011,50,4,3,16,4,4,9,0,2,4,0,1,1,10,5,3,1,2,11,5,2,3,5,2,99,0,3,53,3,1,24,17,14,2,2,1,1,8,2,3,2,3,2,3,5,4,5,9,2,2,3,4,9,1,0,13,1,1,0
2011,51,1,11,20,2,3,2,0,2,2,2,4,1,16,10,1,3,4,11,1,0,2,4,1,89,1,1,40,3,2,23,13,19,2,2,2,3,22,2,2,3,3,0,1,2,7,6,8,3,0,3,2,6,4,2,11,3,2,5
2011,52,3,17,17,2,4,5,0,3,2,2,1,2,6,11,4,5,7,14,2,7,2,3,4,93,1,3,53,3,4,33,15,18,4,0,2,6,19,5,5,3,1,2,1,2,7,7,15,2,7,4,1,9,1,3,16,2,1,5
2012,1,1,9,18,7,2,6,2,2,2,0,0,2,11,11,6,3,6,17,1,1,5,2,3,81,3,1,47,2,5,27,22,20,2,3,0,2,20,2,7,3,2,0,2,5,7,0,14,4,4,5,3,8,4,3,10,3,2,1
2012,2,0,10,18,1,2,5,1,2,3,1,1,1,18,9,3,0,1,14,6,2,3,6,1,98,4,0,42,1,3,19,24,21,2,1,3,4,19,1,5,2,3,0,4,4,3,2,4,4,5,5,2,7,6,0,8,2,4,3
2012,3,1,12,23,1,0,6,0,3,3,1,3,3,14,10,3,0,3,14,4,1,2,2,2,77,2,1,39,1,2,19,17,15,2,0,1,1,14,1,2,1,2,0,1,5,6,4,4,2,3,1,5,9,2,1,15,1,1,4
2012,4,2,12,32,2,2,5,1,1,2,1,5,2,19,13,7,4,0,19,1,3,2,3,0,74,5,0,36,1,5,17,17,15,3,5,2,1,18,0,7,1,3,2,3,2,5,5,13,4,3,5,4,7,3,2,20,6,1,3
2012,5,2,6,39,0,0,2,1,3,8,1,3,0,15,8,2,1,9,15,2,5,1,3,2,91,3,0,43,2,3,23,20,22,2,2,0,2,11,1,4,1,2,0,0,2,8,3,7,0,3,5,1,7,2,2,8,3,2,3
2012,6,3,8,19,0,4,6,0,9,5,1,3,3,13,11,3,1,8,15,5,3,2,3,2,95,4,1,43,1,1,22,24,22,1,2,0,2,23,1,2,4,2,0,0,6,3,3,16,5,4,3,3,11,1,0,18,3,1,1
2012,7,6,8,27,2,0,6,2,0,8,2,1,2,17,12,8,2,4,16,5,2,2,1,5,94,1,2,52,0,4,23,20,20,4,1,1,3,13,2,9,2,3,1,1,9,6,7,15,7,3,5,6,1,4,2,13,2,1,3
2012,8,2,15,28,2,3,9,3,3,6,2,2,2,18,11,1,2,5,17,7,4,3,4,3,92,1,3,58,3,1,29,18,24,0,3,0,4,21,3,11,2,0,1,4,4,3,2,7,3,2,3,2,4,0,0,16,0,1,2
2012,9,4,7,21,1,3,5,0,2,3,2,6,2,12,9,3,0,6,24,5,4,5,6,3,91,1,2,60,1,4,25,24,15,2,0,2,2,23,4,6,1,2,0,4,0,10,4,16,6,4,7,6,3,1,0,15,2,2,4
2012,10,1,11,18,2,4,9,2,3,5,1,4,6,13,10,2,1,3,19,2,3,3,3,5,102,3,2,43,2,0,29,24,25,4,3,0,1,18,1,4,4,0,2,3,1,6,2,12,4,5,4,1,10,1,0,10,6,2,3
2012,11,3,10,24,3,2,4,0,2,1,2,3,1,11,11,3,4,3,20,2,4,2,3,3,99,3,0,51,0,1,43,25,28,3,1,9,5,12,3,6,4,2,1,1,3,3,2,10,2,3,7,4,11,6,1,10,1,1,6
2012,12,7,10,26,2,1,10,4,2,5,0,2,5,18,15,3,5,4,14,3,5,3,6,4,97,3,2,44,2,3,33,11,18,2,0,5,3,12,1,10,2,3,2,2,7,8,5,10,3,0,6,3,7,1,1,14,4,1,6
2012,13,3,13,27,2,4,12,1,0,2,0,1,5,14,9,6,2,6,18,4,1,1,1,1,89,4,1,54,0,3,36,13,14,0,2,0,1,17,3,3,2,2,0,0,8,5,5,14,3,2,7,3,7,2,1,8,1,2,10
2012,14,5,11,26,2,0,4,1,2,3,1,2,3,13,9,2,2,5,16,7,5,3,3,2,90,2,3,31,0,5,20,20,16,1,1,0,3,15,2,3,3,1,0,1,2,4,4,6,1,4,5,1,5,3,2,14,1,1,5
2012,15,0,11,22,1,3,4,0,2,2,0,1,3,12,7,5,7,5,17,1,5,6,1,0,79,3,4,41,1,3,16,16,14,1,1,5,0,16,0,2,4,3,0,3,6,4,2,7,3,2,1,3,4,1,0,11,3,4,4
2012,16,3,7,25,2,1,2,1,5,3,1,3,2,9,9,7,1,3,11,4,4,1,2,1,89,4,2,41,0,4,19,16,19,3,0,4,0,7,0,4,2,1,0,1,5,5,7,4,2,0,7,5,3,1,0,11,0,5,6
2012,17,4,4,25,2,4,6,1,4,6,2,6,3,7,8,3,1,2,14,4,2,2,4,2,88,2,0,33,0,4,20,16,10,5,0,4,2,19,6,4,4,1,2,3,2,2,2,8,3,2,2,2,1,0,1,10,1,0,3
2012,18,3,10,22,2,3,5,2,4,2,0,1,7,13,8,2,3,2,20,3,3,1,4,2,85,1,2,33,1,3,15,15,17,3,1,0,1,21,0,9,1,2,2,3,5,2,3,12,4,4,1,4,5,0,4,6,2,0,4
2012,19,2,8,14,1,0,5,1,1,6,2,2,3,12,10,2,0,8,14,4,3,0,3,2,70,0,1,51,1,1,21,16,20,2,4,3,4,21,2,4,3,0,2,0,7,5,4,8,0,0,5,1,4,0,1,17,1,2,4
2012,20,1,10,30,1,0,5,0,2,1,1,4,2,8,8,2,1,1,13,2,1,2,2,0,68,4,0,40,0,1,15,12,16,0,2,2,1,11,0,1,2,2,0,1,1,4,4,8,5,6,4,2,5,3,1,7,3,0,4
2012,21,1,11,16,1,2,2,0,2,3,0,4,2,10,9,5,3,3,15,1,0,0,2,4,64,0,1,43,0,2,17,16,21,0,3,1,4,11,2,6,0,3,2,4,2,4,6,7,5,3,5,1,4,2,3,10,2,1,3
2012,22,2,9,20,3,2,2,1,4,4,0,3,2,13,16,0,0,3,9,4,2,0,2,2,67,1,1,32,1,2,14,9,10,1,1,5,1,13,2,0,1,2,0,1,2,2,2,14,3,4,1,5,7,3,0,8,1,2,3
2012,23,3,4,18,1,1,3,3,3,2,1,3,3,8,9,3,1,1,10,4,3,1,6,1,76,0,2,34,3,2,19,11,14,1,0,2,3,13,1,7,0,0,2,3,2,0,3,9,1,0,2,2,3,2,1,8,3,3,3
2012,24,1,6,13,2,1,4,2,2,7,1,3,4,10,3,2,1,4,17,3,0,2,2,0,81,0,0,37,2,2,11,15,10,2,5,0,5,15,0,2,1,3,2,3,1,3,3,9,3,2,8,5,4,5,2,13,0,3,3
2012,25,0,8,24,0,3,5,0,8,3,0,1,5,15,6,4,5,3,12,2,3,3,4,2,97,2,2,49,2,3,16,13,22,2,0,1,2,13,1,9,2,1,0,0,5,0,2,6,2,2,4,4,4,4,0,13,1,2,4
2012,26,1,6,19,2,0,2,1,2,1,0,3,1,15,6,2,1,0,15,3,2,4,1,3,70,1,1,41,0,1,13,18,26,3,0,0,5,12,3,5,4,1,2,1,3,8,2,7,3,5,3,2,7,3,0,10,2,1,2
2012,27,0,9,21,2,2,4,1,2,4,0,2,0,19,16,1,0,1,22,2,1,3,2,3,101,4,0,43,0,3,19,24,12,2,0,2,2,10,2,3,3,4,1,2,3,3,3,5,3,0,8,2,8,4,2,13,6,0,6
2012,28,3,3,22,3,1,6,1,2,1,0,0,3,7,10,0,1,4,15,4,2,1,4,1,72,2,3,45,1,2,21,14,12,3,2,4,2,12,0,8,1,2,1,1,3,3,2,11,3,4,2,4,3,1,3,10,1,0,7
2012,29,5,6,22,3,1,2,1,5,2,0,3,2,11,8,6,3,8,5,1,4,3,0,2,64,4,1,40,2,0,17,12,15,1,1,2,3,13,0,2,0,3,1,2,4,3,1,9,2,1,5,3,5,0,3,14,0,2,3
2012,30,1,7,17,4,0,1,0,3,5,2,2,1,11,8,4,3,3,9,2,9,2,1,0,62,2,1,42,1,3,17,15,17,0,0,1,0,12,0,8,2,2,0,3,1,7,2,5,2,5,1,1,7,0,1,6,2,1,4
2012,31,1,5,15,1,1,1,0,2,4,1,2,2,11,7,5,2,6,9,2,2,3,4,1,74,1,3,42,1,1,5,26,19,1,0,2,6,12,1,2,1,2,2,2,1,2,2,9,3,4,1,4,5,1,2,12,0,2,3
2012,32,0,9,20,3,5,5,0,2,1,0,2,3,10,10,2,7,2,14,1,2,2,7,3,95,2,2,26,3,6,17,17,14,3,4,5,2,19,2,7,1,2,0,2,2,3,1,9,3,0,4,1,2,3,0,5,2,0,4
2012,33,1,7,18,3,1,7,3,3,4,1,2,5,11,12,1,4,2,13,0,3,1,3,1,79,1,2,30,0,3,12,9,17,0,1,1,4,14,0,3,2,1,0,2,1,2,4,8,3,1,2,2,7,3,0,9,2,0,4
2012,34,1,2,20,0,0,4,0,1,9,3,4,3,5,5,3,1,3,5,2,2,2,2,0,86,2,2,41,2,1,22,17,13,1,1,1,4,11,3,4,1,2,0,0,0,4,2,5,3,3,4,5,6,1,1,12,0,1,3
2012,35,0,3,18,2,0,4,0,3,2,1,2,4,10,8,0,0,1,6,2,4,3,5,0,79,1,0,36,3,4,20,23,11,2,1,4,2,11,0,6,3,5,1,4,5,9,2,9,1,3,1,8,7,4,0,14,2,3,1
2012,36,5,10,22,1,1,5,3,1,6,1,0,2,11,8,2,0,1,10,4,2,2,0,1,61,1,0,37,2,2,15,17,20,0,1,2,2,18,0,4,1,3,2,2,1,5,2,10,1,1,5,1,5,1,1,8,3,1,4
2012,37,2,8,29,4,1,4,0,2,2,0,1,1,13,11,1,2,1,9,1,1,2,2,0,69,0,2,35,0,2,18,17,13,2,2,1,3,16,2,3,0,0,0,1,1,7,3,8,4,1,2,6,4,5,1,12,1,1,4
2012,38,0,5,14,3,2,8,1,2,6,1,1,0,9,7,3,2,4,18,4,7,3,3,0,90,0,5,38,2,2,13,13,17,1,1,0,4,8,1,2,3,2,2,2,2,2,4,9,2,2,4,1,5,2,0,8,3,2,3
2012,39,4,7,11,1,0,5,2,5,10,2,1,1,8,8,5,2,7,15,0,6,4,5,4,68,3,3,46,1,1,22,17,16,4,3,4,0,14,2,4,0,3,0,3,4,7,1,5,3,1,4,4,6,1,0,7,3,3,2
2012,40,4,8,24,0,1,8,0,2,3,1,2,3,11,6,2,2,2,16,1,0,1,3,1,90,3,1,55,2,0,13,18,22,1,0,0,5,18,2,6,2,1,1,1,1,1,4,8,4,3,1,0,7,2,1,8,0,2,3
2012,41,2,9,19,4,5,5,0,3,3,1,3,3,6,10,5,4,4,10,4,2,0,3,4,82,4,3,35,0,2,29,13,13,3,4,1,5,13,2,9,5,2,0,1,1,2,4,14,6,1,4,2,4,1,0,13,2,3,8
2012,42,2,3,19,3,0,7,1,0,2,0,4,2,8,8,3,1,3,13,2,2,3,3,2,86,2,2,51,0,2,22,20,11,1,1,1,1,9,1,3,1,0,1,1,4,9,1,8,6,2,4,4,9,3,0,10,1,1,3
2012,43,2,5,14,3,1,8,0,3,3,0,3,2,10,9,2,4,3,10,3,5,5,1,3,102,0,1,34,2,2,17,14,17,0,1,2,1,14,1,3,2,2,1,4,4,7,0,16,1,1,3,7,11,1,2,8,2,3,8
2012,44,3,6,22,1,3,2,2,0,11,1,3,2,12,2,5,4,8,9,1,4,3,1,1,81,1,0,46,1,0,18,19,20,0,4,4,3,17,1,7,4,4,1,6,2,2,4,8,2,2,7,4,4,3,1,6,1,6,5
2012,45,1,7,20,1,0,6,2,2,4,3,2,3,12,9,3,3,3,9,2,8,2,3,0,87,3,2,45,1,0,14,14,20,1,1,2,0,16,1,8,5,4,2,1,3,1,8,10,3,1,0,4,6,3,2,10,6,1,5
2012,46,2,15,29,3,2,6,2,0,0,0,2,2,5,9,0,0,4,16,0,4,5,3,4,83,2,3,41,2,3,12,17,13,5,0,1,2,13,1,7,2,3,0,2,3,5,2,8,1,3,1,3,8,1,3,10,6,3,5
2012,47,6,7,21,2,2,6,0,3,3,0,4,0,12,8,1,0,2,11,4,5,1,3,2,70,6,3,30,0,0,14,13,14,0,1,2,3,17,0,4,3,2,2,4,3,4,5,6,4,7,7,2,3,3,2,6,3,4,5
2012,48,3,4,23,1,1,6,2,2,5,0,3,4,10,9,3,0,1,17,2,2,0,8,1,80,1,2,35,1,1,21,15,17,0,2,2,1,15,0,4,1,2,2,3,2,7,1,7,4,1,4,2,3,0,1,7,4,3,5
2012,49,4,9,15,2,2,5,1,2,3,0,2,2,16,12,6,2,5,13,4,2,3,3,5,85,3,2,38,1,0,27,16,8,2,3,1,4,12,1,8,5,6,0,3,1,4,8,6,6,0,4,1,1,2,2,9,1,0,2
2012,50,2,7,17,5,0,6,0,1,1,1,2,1,13,9,5,1,3,8,1,3,5,4,3,94,0,1,46,1,3,13,15,18,2,3,2,8,6,1,9,2,1,2,2,4,4,6,8,2,4,0,3,6,3,4,14,3,7,4
2012,51,6,11,27,3,2,2,1,1,2,3,1,0,7,15,3,0,2,17,0,5,2,6,3,75,2,5,51,3,4,20,13,12,0,1,1,4,19,0,0,2,6,0,1,1,9,0,7,1,8,4,3,7,2,3,17,1,2,5
2012,52,1,8,25,5,1,5,2,2,4,2,4,0,11,13,2,3,4,26,2,1,2,5,4,80,2,0,73,1,5,25,23,19,2,5,2,4,19,1,1,3,6,3,4,6,5,8,8,3,0,6,5,8,0,1,7,2,0,3
2013,1,1,7,23,2,4,5,0,2,2,2,0,4,18,12,2,2,4,20,3,3,5,3,4,102,5,3,52,1,1,21,24,25,1,3,0,1,25,3,9,4,6,0,3,3,3,4,11,0,2,9,4,10,6,2,16,5,1,2
2013,2,1,9,18,3,3,4,1,1,5,2,1,2,13,20,3,3,3,18,2,2,4,2,3,73,3,2,49,2,1,29,27,20,1,3,0,3,15,2,3,1,7,1,0,4,8,2,12,1,3,7,4,6,1,1,15,4,2,2
2013,3,1,13,28,1,3,4,2,1,4,0,4,1,9,15,2,3,8,19,2,1,3,8,1,90,1,1,53,0,3,17,24,14,4,2,1,5,16,2,4,5,3,0,1,2,4,3,6,7,3,9,2,4,0,1,14,5,0,3
2013,4,3,12,34,1,2,4,1,2,3,1,1,3,23,12,1,0,4,23,2,5,7,1,3,79,3,0,62,1,4,28,17,15,5,1,1,2,16,2,5,1,3,2,1,4,4,8,11,1,1,3,4,6,0,1,9,1,1,6
2013,5,0,7,32,2,3,2,0,3,6,1,2,2,20,12,3,2,7,18,3,4,2,4,2,94,1,0,51,1,1,24,30,20,2,3,0,3,27,2,9,1,0,0,1,3,8,3,13,1,3,2,3,7,1,1,6,2,3,0
2013,6,5,6,21,2,2,4,4,5,4,0,5,3,9,15,3,3,3,14,3,3,4,4,5,83,3,3,45,2,1,21,15,19,2,1,1,2,13,4,7,2,1,0,3,5,8,4,5,4,1,5,4,9,0,2,13,2,3,4
2013,7,7,4,20,3,3,5,1,4,7,0,2,1,13,12,7,2,3,17,2,1,5,3,4,83,4,1,48,1,0,37,27,18,6,1,2,2,12,1,6,2,3,0,7,1,6,6,13,4,1,8,2,6,0,2,7,6,3,5
2013,8,7,8,30,8,3,7,2,5,3,0,0,3,13,14,4,1,7,16,2,6,2,2,3,81,2,1,56,3,7,20,18,14,1,1,4,0,17,1,6,1,5,0,2,1,6,10,11,8,3,3,3,11,2,3,13,1,1,4
2013,9,2,11,24,3,3,7,1,5,7,1,1,1,13,9,5,0,6,22,0,2,0,1,2,114,1,6,49,1,3,23,26,23,5,3,3,3,25,1,1,2,1,0,2,2,3,8,16,4,2,4,2,2,2,1,13,2,3,3
2013,10,0,6,25,2,0,3,0,3,3,3,4,3,16,12,1,1,7,12,4,2,2,6,2,102,3,1,61,0,4,18,20,15,4,2,1,3,21,0,5,2,3,2,2,4,5,4,10,5,1,4,1,9,2,0,12,2,3,5
2013,11,6,9,18,2,3,3,3,1,3,2,3,3,10,12,2,3,6,8,2,3,2,3,1,111,3,1,56,1,1,20,23,16,3,1,5,2,15,0,6,6,5,0,2,3,3,1,12,3,3,9,4,9,1,1,11,1,3,3
2013,12,2,7,26,2,3,7,2,5,3,0,6,5,16,12,2,3,3,10,4,6,1,2,0,75,1,1,39,3,3,17,19,20,0,6,2,3,11,3,6,1,5,1,2,3,5,8,15,1,1,3,3,5,2,4,14,2,4,9
2013,13,2,10,13,3,1,8,0,1,1,1,6,3,12,13,3,3,8,20,1,3,1,2,1,84,0,1,32,1,6,19,13,22,1,1,2,3,13,2,2,3,5,0,3,3,6,4,10,1,5,6,4,6,2,0,13,2,2,2
2013,14,2,11,21,4,0,9,2,5,3,2,0,3,12,11,3,2,4,10,2,0,5,1,3,87,1,1,52,1,2,23,14,11,3,2,4,0,20,3,7,1,2,0,3,2,7,7,8,2,2,2,4,8,2,1,11,4,3,2
2013,15,1,8,29,0,3,8,0,2,3,4,5,3,10,12,4,2,8,16,2,2,1,2,3,74,1,3,43,2,2,22,17,16,1,4,2,5,25,0,6,2,2,1,3,3,3,4,8,3,0,8,2,6,1,0,15,2,1,3
2013,16,3,9,21,4,2,8,1,1,6,0,3,2,14,13,2,1,2,12,6,9,5,3,2,96,0,1,47,3,0,15,18,23,1,1,0,1,17,1,3,1,0,0,7,2,4,4,12,3,3,4,1,4,1,0,10,3,2,6
2013,17,0,10,24,4,1,9,1,2,0,1,3,3,7,8,2,0,3,12,0,3,5,3,2,94,5,2,49,1,2,24,11,15,1,0,7,2,14,1,3,3,3,1,6,1,2,4,8,3,3,4,3,8,2,3,5,0,1,4
2013,18,2,9,12,1,2,4,1,5,4,0,3,3,8,5,3,1,5,11,2,1,1,0,1,76,0,1,32,4,1,16,7,15,1,0,3,5,16,0,3,0,3,0,4,1,5,9,15,5,1,0,2,12,3,1,8,3,2,2
2013,19,2,8,24,0,4,7,0,3,3,0,0,5,8,13,0,1,4,8,1,4,3,2,2,80,1,3,41,1,2,21,16,11,3,2,0,1,15,1,8,3,2,1,5,4,2,3,9,1,3,6,4,3,2,2,13,1,0,2
2013,20,0,6,21,3,5,4,1,3,7,1,2,7,8,6,2,3,5,9,4,1,2,3,3,76,1,1,40,2,1,17,12,12,0,1,2,1,15,1,5,2,1,1,2,1,8,3,10,3,2,3,0,5,2,2,3,1,2,3
2013,21,0,8,17,5,5,4,0,3,1,5,5,2,7,10,3,4,4,13,0,3,4,1,1,73,2,1,44,1,1,18,14,10,2,1,0,0,11,1,2,2,4,0,3,3,1,4,11,1,2,5,3,7,1,5,11,1,4,1
2013,22,5,5,21,1,1,1,0,2,4,0,5,0,14,9,3,0,2,6,2,2,3,1,4,77,2,2,41,0,1,21,7,11,2,1,0,6,11,1,5,2,2,1,1,1,3,1,2,4,3,4,4,3,1,2,7,1,2,3
2013,23,3,5,17,3,0,2,0,2,1,0,3,3,11,7,1,2,2,10,0,1,6,1,1,79,1,3,36,0,3,20,18,14,3,4,1,3,11,0,3,2,3,3,2,3,8,5,9,4,4,3,1,2,5,2,14,1,1,8
2013,24,4,7,16,3,2,5,1,2,3,0,0,2,11,11,2,1,5,10,2,2,2,3,3,86,0,2,40,1,1,25,13,20,2,3,0,0,7,3,12,3,0,3,1,1,1,2,9,2,2,8,2,8,7,1,3,1,3,5
2013,25,3,12,21,3,4,10,2,1,5,1,3,4,9,15,0,2,7,14,3,4,2,7,3,97,2,1,48,2,1,21,17,24,0,2,0,1,22,1,2,3,3,0,0,4,7,2,8,8,1,6,5,11,1,0,17,2,3,4
2013,26,2,11,29,1,2,4,1,2,3,2,3,1,8,11,1,4,4,8,0,2,2,4,0,71,4,0,49,0,1,20,10,17,1,1,2,1,16,1,13,3,3,0,1,5,2,2,8,5,5,3,4,6,2,0,12,1,2,5
2013,27,4,7,22,0,1,4,2,1,5,4,2,1,13,9,1,1,4,10,0,1,3,3,2,73,3,1,38,1,3,12,11,14,2,0,1,1,17,1,3,1,4,1,1,2,4,4,4,4,1,5,2,3,4,2,7,1,3,4
2013,28,0,5,17,1,0,3,1,2,2,2,1,1,11,10,1,3,3,11,6,3,1,3,1,76,2,3,47,0,5,12,19,24,0,1,2,5,19,2,9,4,3,2,4,0,5,6,12,3,3,4,2,6,0,1,12,1,0,0
2013,29,7,6,11,1,2,4,1,1,7,0,3,2,10,16,3,2,4,11,2,0,0,0,1,75,1,3,44,2,6,15,10,12,1,1,1,4,15,2,5,2,4,0,0,3,3,4,2,1,5,5,2,7,0,4,8,3,0,6
2013,30,2,12,18,0,2,3,0,2,2,2,0,4,19,8,1,1,7,8,4,5,6,1,2,82,0,2,42,0,2,15,16,23,3,0,3,0,12,0,5,3,1,0,0,2,4,2,5,2,6,5,2,2,2,1,8,3,0,6
2013,31,1,7,21,1,1,8,0,3,3,0,2,2,8,9,3,2,5,10,1,1,2,3,0,77,1,1,34,1,4,16,16,22,2,3,0,0,19,1,4,0,2,2,9,3,5,4,8,2,2,8,2,8,2,3,9,3,0,6
2013,32,6,4,16,2,3,3,1,5,4,0,2,1,12,10,1,2,6,10,4,2,3,7,4,81,3,0,40,1,2,24,19,10,1,0,1,3,22,5,7,3,1,0,2,2,4,3,6,1,3,0,1,8,6,0,4,2,0,5
2013,33,0,7,20,2,5,8,1,2,2,1,2,1,11,11,2,1,6,9,6,2,2,2,3,77,0,0,28,2,1,18,17,4,1,4,2,0,18,2,6,3,0,0,0,3,4,7,4,4,1,2,3,4,0,0,7,4,0,3
2013,34,1,10,15,1,2,2,1,3,2,0,2,0,8,14,4,0,2,15,2,2,4,3,1,69,2,1,34,2,1,12,19,14,3,3,1,2,17,1,3,2,2,0,2,4,3,4,12,2,5,8,3,7,1,1,8,2,1,3
2013,35,1,7,16,4,2,3,1,3,2,0,3,1,6,3,2,2,2,9,1,2,1,0,3,64,6,0,38,3,0,19,16,16,0,3,5,2,19,1,5,1,3,1,4,1,10,5,5,4,1,2,0,5,3,1,6,0,4,5
2013,36,1,8,14,0,3,2,1,1,2,1,2,4,11,11,2,2,3,10,1,2,1,6,1,64,6,3,32,0,2,18,13,12,2,1,0,4,12,0,11,3,0,0,2,3,6,4,5,6,2,1,3,6,5,1,9,4,2,7
2013,37,1,9,18,3,2,2,1,0,6,2,4,0,13,9,5,0,3,4,4,0,2,3,0,86,4,3,46,0,3,20,19,24,3,2,1,2,12,0,8,3,3,2,4,3,2,1,9,3,1,3,2,3,5,1,4,0,2,3
2013,38,1,10,17,1,2,6,0,1,4,1,1,1,7,9,3,1,1,18,4,0,5,4,4,86,2,1,43,1,2,15,11,21,1,4,4,1,19,2,3,2,2,0,1,5,6,3,8,2,1,2,1,10,1,2,10,1,2,4
2013,39,0,8,19,1,3,2,1,3,3,7,4,2,12,6,2,1,0,12,3,2,4,4,2,86,3,1,39,0,2,19,15,14,4,1,6,3,20,2,2,2,2,4,3,6,4,3,15,4,1,1,2,8,2,2,8,3,1,4
2013,40,3,9,18,0,2,6,1,0,2,2,4,1,7,14,2,4,1,4,3,0,2,3,1,80,2,0,32,1,0,24,15,17,3,3,5,1,13,1,6,2,1,0,0,2,3,5,10,0,1,1,2,8,1,3,7,4,2,4
2013,41,2,10,22,6,2,4,1,2,5,1,2,3,20,10,0,0,4,15,3,3,0,1,2,86,2,2,40,1,1,21,14,17,5,5,0,2,10,2,7,3,0,0,5,1,8,4,7,3,1,6,4,6,0,2,13,0,1,1
2013,42,1,12,19,3,4,3,0,3,1,2,0,3,5,16,4,4,2,11,0,3,3,3,0,80,5,2,37,2,2,21,16,12,2,3,5,1,17,2,6,2,2,0,4,1,5,1,12,6,1,6,2,8,2,1,12,1,2,5
2013,43,1,7,17,5,1,5,2,3,3,2,2,2,6,10,1,2,7,14,3,0,7,5,4,92,1,1,39,2,1,11,14,17,1,0,0,1,15,3,8,1,5,0,3,2,4,2,6,2,5,5,2,8,2,2,7,1,0,2
2013,44,8,7,20,5,1,7,2,1,7,0,1,1,12,4,3,1,4,12,2,3,1,0,5,80,3,2,34,0,3,9,13,16,4,1,4,3,17,2,2,1,2,2,0,1,5,5,8,1,0,4,5,8,4,1,9,0,0,1
2013,45,3,7,18,2,2,3,1,0,4,1,3,2,12,3,2,1,3,12,1,1,1,4,3,70,2,2,42,3,2,25,15,20,5,2,0,0,9,1,4,1,2,2,1,2,2,0,8,4,1,6,3,5,3,0,12,0,1,3
2013,46,4,8,21,1,1,3,1,3,2,1,4,2,10,12,3,0,4,14,3,3,0,3,1,79,3,3,50,2,4,16,18,10,1,1,0,2,11,2,1,1,1,1,0,3,1,1,4,6,1,4,1,7,4,1,2,0,2,1
2013,47,3,10,32,2,2,6,1,2,4,2,3,3,7,7,4,3,5,13,1,4,1,3,1,70,0,1,32,1,1,21,11,15,1,0,3,2,7,1,6,1,1,3,3,3,4,2,7,4,1,7,3,6,1,0,13,1,2,1
2013,48,6,16,18,4,2,9,3,2,7,2,0,3,10,11,4,1,4,8,2,2,4,2,1,67,1,1,37,1,3,18,17,12,1,1,1,1,15,0,4,3,2,2,6,2,12,4,11,4,3,8,6,8,0,1,10,0,3,0
2013,49,1,5,24,3,0,6,1,7,3,2,0,1,13,11,4,1,3,9,3,0,0,3,1,85,0,3,45,1,1,13,17,14,1,2,5,2,14,0,6,0,0,2,1,0,9,8,11,2,2,3,5,4,4,2,10,0,0,3
2013,50,3,6,20,2,2,6,1,2,2,4,6,2,14,6,2,2,2,20,1,2,0,4,3,86,3,7,39,0,2,24,13,17,2,2,1,3,18,0,4,0,2,2,4,1,12,0,5,4,3,3,3,5,0,2,8,2,3,2
2013,51,5,8,20,2,2,2,0,1,0,3,4,1,21,11,4,2,2,16,5,1,3,1,3,80,4,0,43,0,2,22,18,11,3,2,0,1,8,1,2,1,3,2,3,1,2,4,4,1,1,3,4,5,1,0,13,1,3,3
2013,52,3,11,22,1,3,2,1,0,3,2,6,1,11,6,3,3,5,15,2,1,3,2,2,103,3,2,62,0,2,32,11,16,3,2,2,1,18,2,1,2,4,0,3,5,6,3,7,6,3,0,6,7,2,7,14,1,0,2
2014,1,5,24,21,6,3,5,5,6,5,1,5,4,5,14,7,3,4,15,2,3,3,6,1,84,2,3,49,1,4,25,19,22,3,3,2,4,16,1,7,1,4,0,2,3,11,6,10,3,3,5,1,6,2,3,9,2,3,3
2014,2,2,8,26,2,2,10,1,3,3,0,0,2,18,9,6,3,2,12,2,4,2,7,1,94,1,3,36,2,1,19,18,16,1,1,2,1,11,2,4,4,1,2,1,4,4,2,13,4,0,5,4,9,2,4,18,3,0,3
2014,3,6,12,16,0,2,6,0,1,6,2,1,2,7,8,3,2,2,15,1,1,6,3,1,72,1,0,49,0,1,23,22,18,2,2,1,3,14,1,7,1,1,0,3,0,3,5,8,3,3,2,8,4,1,3,5,0,1,2
2014,4,0,7,23,5,1,7,1,2,1,2,1,3,12,15,1,1,1,17,3,2,2,2,0,78,1,0,47,1,4,25,15,14,0,0,2,1,9,2,4,2,2,1,1,3,6,6,9,2,0,4,4,3,1,2,7,1,0,3
2014,5,2,10,28,5,1,7,3,1,5,3,3,2,14,9,2,1,2,12,1,1,2,3,1,85,3,0,53,4,1,18,18,16,6,2,3,1,20,0,6,2,4,1,2,3,4,5,8,2,2,3,5,15,0,1,11,3,1,2
2014,6,2,9,20,4,1,6,1,5,3,1,3,2,13,7,5,2,1,7,1,0,3,3,2,92,1,0,47,1,3,27,16,16,3,2,0,3,18,3,6,4,5,1,4,4,3,1,6,5,2,3,2,8,1,1,15,1,0,2
2014,7,4,8,27,1,1,1,1,3,5,1,2,4,10,9,5,0,3,19,2,2,2,4,1,78,0,3,48,1,1,19,14,25,0,5,1,2,13,1,7,1,1,0,0,1,4,5,8,9,4,6,4,9,2,3,12,5,0,2
2014,8,2,8,23,3,1,2,1,3,6,0,2,3,14,11,5,4,3,14,3,8,1,3,2,107,1,1,51,1,1,22,14,21,0,0,1,4,18,1,2,1,1,1,4,2,4,7,8,1,1,7,2,3,1,0,15,1,3,5
2014,9,1,10,35,0,2,7,1,1,5,1,1,5,10,8,2,4,6,21,2,7,3,2,0,100,3,5,39,1,1,33,12,23,0,4,2,6,16,4,4,2,3,1,1,3,8,7,10,2,1,2,4,11,2,2,12,1,0,6
2014,10,5,6,27,1,4,5,1,1,1,0,7,4,14,9,1,0,2,20,3,4,4,4,5,81,1,0,43,1,2,25,18,13,2,2,1,5,8,0,3,4,3,2,0,2,12,8,3,5,5,6,6,12,0,0,12,3,0,6
2014,11,1,8,29,3,1,5,3,3,3,1,3,2,9,7,2,2,4,15,0,5,4,3,4,78,1,3,57,0,3,22,21,22,1,3,1,2,13,1,6,4,2,1,4,1,2,6,7,3,1,1,5,3,0,2,18,2,5,2
2014,12,3,10,29,1,3,3,2,7,1,1,4,4,9,7,3,2,8,12,3,2,1,5,10,95,1,1,36,0,4,31,17,10,3,3,3,2,20,2,2,1,1,2,2,5,9,4,10,1,1,6,5,8,3,1,16,1,3,4
2014,13,1,14,14,5,3,5,0,2,8,0,4,0,17,6,4,1,3,13,2,2,5,1,2,89,1,1,41,1,4,25,16,13,2,0,1,1,14,2,5,4,1,1,3,1,6,3,7,3,3,1,3,6,1,0,5,1,1,5
2014,14,2,12,25,1,2,3,0,2,5,0,3,1,13,12,3,2,4,14,2,1,0,1,3,84,3,1,42,4,3,26,19,14,0,3,2,1,26,1,3,3,4,1,3,3,6,6,12,5,1,6,3,8,4,1,13,0,1,3
2014,15,1,7,21,3,3,2,0,3,4,1,3,5,13,10,2,0,6,14,3,1,2,1,3,89,3,3,56,1,2,16,18,16,1,1,1,1,9,1,3,0,4,3,1,3,4,1,8,2,1,4,4,5,2,4,9,2,5,6
2014,16,8,5,22,4,1,8,2,3,3,0,6,4,9,10,1,3,2,15,1,3,6,2,2,81,1,3,46,1,1,25,21,12,2,2,1,0,12,2,3,0,1,1,3,2,4,5,14,2,2,2,4,3,1,3,7,1,0,4
2014,17,6,10,27,2,0,4,0,1,0,1,3,3,8,6,5,3,4,8,1,2,1,4,3,75,0,3,34,0,0,27,13,6,2,0,0,2,13,0,3,1,2,1,3,4,2,4,12,4,0,3,2,4,1,2,9,2,3,3
2014,18,3,5,21,2,4,3,0,4,2,0,3,1,11,11,3,0,1,12,6,0,2,1,0,78,7,2,35,0,4,20,17,10,2,1,0,3,11,1,5,0,2,0,2,4,6,4,12,4,1,3,1,7,0,1,9,2,2,2
2014,19,2,9,12,1,3,7,0,2,4,0,6,1,9,6,2,4,2,12,0,3,7,6,4,68,2,1,34,2,0,17,19,14,3,1,0,1,13,1,3,1,2,1,3,1,6,1,4,2,4,2,2,6,3,0,5,1,1,1
2014,20,6,13,14,2,0,1,0,2,4,1,0,2,16,12,3,4,3,15,2,4,1,6,1,70,2,4,36,2,3,11,13,13,0,2,2,1,9,0,8,4,2,1,2,0,5,2,13,0,3,4,1,5,0,2,8,3,0,3
2014,21,3,7,29,4,1,4,0,1,2,1,1,1,12,8,3,0,4,20,2,2,5,1,1,85,2,1,34,5,4,17,12,12,0,2,2,2,14,1,3,4,2,1,3,4,3,3,6,2,1,7,7,5,1,2,11,1,1,6
2014,22,1,12,26,4,0,4,0,2,3,1,3,4,15,7,1,1,3,7,2,4,2,2,0,75,0,1,35,3,1,19,16,18,1,1,1,2,15,0,2,6,0,1,0,0,5,2,12,4,0,1,5,7,1,2,10,0,0,1
2014,23,2,8,16,2,3,4,0,5,2,0,3,1,15,7,4,2,6,6,0,4,3,1,2,71,2,1,54,1,3,13,16,15,2,4,4,3,13,1,4,1,2,1,1,5,4,4,6,2,4,6,3,5,0,2,13,0,1,5
2014,24,4,9,19,0,0,1,0,5,3,0,3,3,10,8,4,2,4,12,4,0,3,6,2,97,1,1,38,0,2,16,19,26,2,2,2,2,18,3,3,4,0,2,1,4,5,5,4,6,5,10,2,9,2,1,10,2,0,2
2014,25,2,6,18,2,1,3,1,1,6,2,1,1,14,8,1,3,5,12,1,3,0,5,0,69,1,4,37,1,2,18,12,11,0,0,0,2,10,1,5,2,2,1,0,2,5,6,6,1,1,1,2,13,3,1,12,1,1,3
2014,26,2,6,20,1,2,0,3,3,6,0,1,7,6,11,6,1,2,11,3,1,2,1,2,75,1,1,36,1,1,12,12,24,0,0,3,3,7,1,9,1,3,2,2,3,6,6,5,0,2,3,1,8,0,0,5,1,0,2
2014,27,1,4,17,4,2,4,1,2,2,0,1,1,14,13,1,0,4,14,2,2,1,4,3,69,0,0,38,1,2,20,14,17,1,2,0,2,18,0,8,1,2,0,1,3,3,9,12,5,2,4,3,3,0,1,8,8,2,6
2014,28,2,9,17,2,3,7,1,2,3,5,0,3,10,10,3,2,2,10,3,3,1,7,1,76,1,6,42,1,2,21,23,15,2,3,0,0,19,1,4,0,4,2,1,2,6,4,5,2,1,1,2,8,0,1,13,3,2,3
2014,29,2,9,20,4,2,8,1,1,1,1,1,3,16,14,4,1,5,11,3,4,3,3,0,66,2,2,35,3,3,23,16,13,0,1,1,3,17,1,4,1,1,0,1,4,6,4,7,2,2,8,5,7,3,2,8,3,0,7
2014,30,1,9,19,2,1,5,1,5,8,0,2,4,24,5,2,0,2,16,4,2,2,4,5,64,2,1,43,0,1,10,10,21,1,3,1,1,16,5,3,1,0,0,2,6,3,4,7,2,6,5,2,3,3,1,7,2,2,2
2014,31,0,5,23,5,4,7,1,3,4,1,3,2,13,7,5,2,4,9,2,1,6,5,1,76,0,0,37,0,0,22,9,9,1,3,2,4,12,1,4,2,0,0,2,0,3,3,7,4,2,4,3,6,2,2,10,2,1,5
2014,32,3,8,27,2,1,7,1,0,9,1,3,2,14,12,2,3,5,14,3,3,1,3,1,66,3,1,36,0,1,14,20,14,1,4,0,4,12,0,5,1,1,0,0,2,1,1,8,3,1,4,4,6,2,1,4,3,0,4
2014,33,4,7,22,4,3,2,0,3,4,0,2,1,13,9,3,4,4,12,2,0,2,3,2,65,2,2,46,0,1,16,18,11,1,2,2,2,14,1,2,4,5,1,0,1,4,3,8,2,0,1,3,5,2,0,8,4,0,4
2014,34,3,6,15,2,3,7,4,3,2,0,2,1,4,14,1,0,6,4,0,1,4,3,2,73,1,1,43,1,1,13,13,14,2,1,0,0,10,3,5,4,1,0,1,2,10,2,8,1,4,1,1,7,2,3,11,1,1,3
2014,35,4,9,24,3,2,3,2,3,1,0,2,2,11,11,2,5,2,8,7,0,3,2,1,77,0,1,42,1,6,26,12,9,1,1,1,1,20,2,6,3,2,2,3,2,2,1,11,1,0,2,2,4,2,2,9,0,0,3
2014,36,6,5,15,7,0,4,0,4,4,2,1,3,17,10,2,2,4,10,1,3,3,6,4,66,1,0,24,0,1,14,18,9,2,2,4,1,6,0,0,3,1,3,4,4,0,1,9,0,1,2,5,4,2,1,9,2,2,6
2014,37,6,13,17,3,1,8,1,3,0,1,3,1,8,5,1,2,5,9,0,3,5,1,2,78,2,0,37,2,4,18,19,17,2,2,0,5,15,0,6,1,1,1,2,0,8,8,5,7,2,2,6,6,0,6,11,2,3,6
2014,38,2,8,27,3,5,1,1,1,6,0,3,0,15,7,0,3,3,10,4,3,1,3,0,77,1,1,36,1,3,21,14,14,3,0,0,3,7,3,3,0,1,1,4,1,5,2,12,2,4,2,2,0,2,2,9,1,1,5
2014,39,1,7,19,4,1,4,0,4,3,2,1,3,6,15,1,4,2,13,2,3,1,1,1,80,5,0,50,1,0,21,19,17,0,1,2,1,8,2,3,8,4,1,6,3,3,7,10,1,1,2,2,4,6,0,10,0,4,3
2014,40,0,12,29,4,2,3,2,1,2,3,3,7,7,8,5,5,4,15,3,3,3,2,3,76,0,0,42,1,3,21,24,15,0,3,2,2,24,3,1,1,2,2,2,1,3,0,2,5,1,3,4,6,2,2,15,2,5,3
2014,41,1,6,29,6,1,3,0,2,1,0,3,0,9,12,2,1,4,12,1,2,3,3,2,90,1,2,51,2,3,14,10,12,1,4,0,1,12,1,4,5,3,0,0,2,3,0,12,1,2,9,1,5,1,2,8,2,3,5
2014,42,0,3,19,0,2,1,0,3,3,4,1,9,11,9,6,4,8,14,1,2,2,1,2,70,1,2,44,1,0,16,27,17,2,0,2,1,15,1,1,1,3,0,4,2,8,8,6,3,3,2,6,10,2,4,11,5,2,6
2014,43,1,9,21,5,0,2,1,1,1,1,1,1,11,20,1,1,3,11,3,4,3,2,1,80,1,1,41,3,2,17,25,20,3,2,3,0,16,0,4,4,4,4,3,3,7,6,6,1,1,3,4,4,1,0,9,1,3,4
2014,44,2,12,18,4,1,3,0,4,3,4,5,6,14,12,5,3,4,14,0,1,3,3,2,87,2,2,43,4,0,15,14,14,3,0,2,0,12,2,7,5,1,2,1,2,7,3,7,3,3,6,3,10,3,0,4,2,1,1
2014,45,1,10,23,2,3,8,0,1,4,1,3,3,12,11,2,1,0,10,0,3,3,3,3,74,1,0,49,1,0,16,22,13,3,0,3,3,9,4,3,2,3,2,0,4,4,5,13,3,2,2,5,6,1,1,11,2,0,5
2014,46,0,7,21,5,2,8,1,1,3,0,3,1,17,11,3,1,5,15,3,5,1,3,1,70,1,1,39,2,2,30,23,18,0,2,1,2,14,1,5,1,2,3,2,3,5,6,11,4,2,3,2,7,1,0,11,2,4,6
2014,47,3,10,24,3,3,5,1,3,3,0,1,3,11,11,4,1,4,18,1,0,4,1,1,65,2,2,40,3,1,21,15,18,1,3,0,0,13,3,8,0,3,1,4,0,3,3,7,2,1,3,1,6,2,1,7,2,1,5
2014,48,3,10,20,7,3,7,0,1,3,1,2,2,10,12,3,2,3,7,2,4,0,1,2,88,4,2,29,3,2,16,15,14,4,0,2,5,14,3,6,0,3,1,3,1,3,3,10,7,1,3,2,4,2,3,8,2,2,3
2014,49,2,8,19,5,1,4,3,3,0,1,2,1,4,4,2,3,2,18,2,3,2,6,2,86,2,1,47,2,8,17,12,17,1,2,1,2,18,2,7,3,11,3,2,7,2,2,5,1,3,7,0,9,3,4,14,3,4,6
2014,50,1,9,28,3,3,2,2,1,3,0,2,0,6,7,4,1,2,17,2,4,0,2,0,97,2,0,51,0,1,16,15,14,1,1,1,2,8,0,4,1,2,0,0,2,2,1,5,0,3,4,3,4,4,5,6,2,1,1
2014,51,3,8,15,5,1,3,0,1,2,1,0,4,17,9,3,2,3,13,3,7,1,5,5,76,1,3,45,3,2,19,14,23,2,2,0,3,16,2,4,2,1,1,1,5,5,7,8,2,2,5,2,6,1,2,6,3,5,7
2014,52,7,9,15,3,3,5,2,2,5,2,5,2,13,12,2,4,4,12,0,3,2,3,4,73,2,1,53,0,2,25,14,24,2,2,4,4,15,1,5,2,3,1,0,2,10,4,9,2,1,7,5,9,1,1,10,2,4,3
2015,1,2,5,18,0,0,4,0,1,3,0,0,2,6,4,1,0,2,14,2,2,0,3,1,58,3,1,32,1,1,10,12,7,2,0,1,2,8,2,6,2,1,1,2,1,4,4,6,1,2,2,0,4,2,3,5,2,0,7
2015,2,1,14,25,1,2,3,4,3,2,1,2,5,16,11,3,0,3,16,4,3,1,4,2,95,0,1,50,1,3,27,26,17,2,1,0,2,16,3,4,3,0,1,3,2,4,4,12,1,1,7,2,6,1,1,9,0,2,4
2015,3,2,9,21,8,0,4,0,2,1,1,2,1,17,18,6,2,11,12,4,2,3,5,1,107,2,2,55,1,3,26,10,24,3,7,1,1,20,1,4,1,2,1,7,4,7,2,10,6,1,3,6,12,0,1,15,3,0,6
2015,4,1,8,27,0,2,7,1,9,5,2,0,3,16,14,1,1,2,19,1,1,3,4,2,99,1,1,53,2,2,27,23,22,2,1,4,2,16,2,7,1,4,0,1,2,10,4,10,3,2,6,4,8,2,4,16,2,0,3
2015,5,2,12,26,2,0,7,2,5,6,3,6,3,7,14,5,2,6,17,5,7,0,2,2,95,1,3,48,2,2,18,23,18,3,1,1,3,15,1,6,6,3,0,4,4,5,4,10,7,2,9,1,5,1,0,14,3,4,3
2015,6,5,13,20,1,2,6,2,2,1,1,1,3,10,11,7,1,5,17,1,7,4,3,1,79,2,0,46,1,3,33,16,25,0,1,6,3,19,1,0,1,2,1,6,6,2,5,5,3,1,1,5,9,2,3,15,4,2,1
2015,7,6,14,26,0,5,7,0,6,4,3,2,3,15,13,5,2,9,21,3,7,5,3,2,81,2,0,49,4,4,25,22,18,0,6,8,10,15,2,1,0,6,3,2,4,8,5,9,7,3,1,2,8,1,1,13,3,0,7
2015,8,2,8,27,4,2,6,0,2,5,1,1,3,13,17,8,2,12,16,0,3,4,4,2,84,1,1,58,2,0,28,15,17,1,5,4,2,17,5,8,5,3,1,2,5,5,6,9,6,2,5,1,1,0,0,12,2,2,3
2015,9,6,6,27,4,3,1,0,4,3,0,3,1,23,11,5,1,6,14,5,2,4,6,3,104,1,0,51,2,3,18,12,30,1,2,2,6,19,2,5,2,3,3,2,7,5,3,7,1,2,4,2,9,1,2,13,1,2,2
2015,10,6,6,22,1,1,8,0,4,0,0,3,3,14,5,3,4,3,9,5,3,0,5,1,101,3,1,47,0,1,12,27,14,2,2,3,6,15,1,12,0,2,0,1,3,2,1,8,4,2,2,3,4,0,1,9,4,1,4
2015,11,1,12,33,3,2,10,3,1,4,2,1,5,12,9,6,1,2,12,3,4,2,3,1,109,3,0,39,2,1,16,25,23,1,3,2,3,12,3,10,2,0,2,1,1,3,5,12,2,1,4,5,4,3,1,16,1,3,3
2015,12,4,12,16,3,7,6,0,4,4,2,3,0,9,10,0,4,6,20,1,3,5,4,1,105,1,3,60,3,2,18,17,19,2,0,0,0,12,1,3,1,3,3,2,5,5,3,11,4,3,0,2,7,2,0,10,3,1,5
2015,13,1,9,28,5,2,5,1,4,2,2,3,1,10,15,5,0,3,15,0,3,2,4,3,85,5,6,70,3,2,28,25,15,2,2,1,4,31,1,4,1,2,3,3,0,4,2,12,4,0,3,4,3,3,2,9,5,5,3
2015,14,3,7,21,3,3,4,2,5,5,2,5,1,12,18,2,1,1,9,4,3,6,2,4,91,3,3,80,0,3,21,19,21,0,4,0,4,19,1,9,1,2,3,1,5,1,6,10,4,3,4,2,4,2,1,10,1,2,5
2015,15,2,11,28,3,3,7,1,4,3,3,3,0,10,10,2,2,9,15,3,0,3,2,3,89,2,3,59,2,2,20,18,18,2,1,2,2,11,1,4,3,2,1,0,0,3,8,5,3,2,6,3,8,3,2,17,2,0,9
2015,16,3,16,20,2,3,4,2,4,3,0,1,2,10,15,1,3,5,22,5,1,3,2,3,89,2,0,55,2,3,16,24,22,0,2,1,3,21,2,8,2,4,1,1,0,2,3,13,1,1,7,3,6,1,1,10,4,1,3
2015,17,0,12,20,1,3,7,2,2,5,0,4,1,14,11,6,1,3,13,2,4,5,5,3,73,3,2,46,1,2,28,19,23,5,4,0,1,11,2,6,4,1,2,1,3,3,3,9,6,0,3,3,2,0,1,11,6,4,2
2015,18,3,9,26,3,1,6,3,4,3,0,1,2,18,12,3,1,4,16,2,2,6,3,1,85,2,2,42,3,1,21,9,14,6,3,1,2,8,2,7,3,3,1,2,2,4,5,6,4,1,3,3,8,3,4,9,1,2,5
2015,19,3,3,17,1,1,7,1,6,4,1,3,2,11,10,6,3,0,13,0,3,5,4,4,73,0,5,34,2,0,23,15,16,4,1,1,2,15,3,5,2,1,1,4,3,1,4,4,6,0,2,4,9,3,2,16,2,2,5
2015,20,0,5,24,5,0,2,0,4,1,2,3,2,9,12,2,1,3,11,3,2,0,2,1,75,9,0,51,2,3,4,11,7,0,2,5,1,9,1,6,2,4,2,1,3,3,2,6,5,3,3,3,4,3,3,6,2,2,5
2015,21,3,7,15,3,4,6,0,0,2,2,1,4,12,8,2,1,2,14,2,6,3,2,3,64,3,1,37,0,2,17,19,18,0,5,2,1,8,0,5,3,2,0,2,4,4,0,11,2,2,2,2,4,1,5,7,1,0,3
2015,22,4,5,19,0,3,1,0,2,4,1,1,1,12,9,2,2,1,18,0,3,1,0,2,76,0,1,47,1,7,18,11,18,1,3,0,0,12,0,8,2,0,0,1,1,1,4,4,4,2,2,2,10,1,0,12,0,3,5
2015,23,2,16,23,2,1,5,5,0,4,1,1,0,9,13,4,5,0,13,1,2,4,2,2,68,4,4,35,1,1,19,14,14,2,3,3,4,16,2,5,3,3,2,0,1,5,3,6,5,2,1,4,7,1,1,16,3,4,1
2015,24,2,10,15,2,0,4,1,7,3,1,2,2,12,7,3,2,8,6,2,1,3,3,1,71,2,5,50,0,1,12,13,13,3,3,0,1,5,0,4,0,2,3,1,1,9,4,8,3,0,3,7,5,4,0,8,5,1,5
2015,25,0,4,22,2,3,6,1,1,1,0,6,4,13,12,3,0,3,13,3,3,2,3,2,67,1,0,41,0,1,18,13,18,1,3,2,2,13,0,4,2,2,1,0,3,1,2,6,4,3,3,2,4,4,2,13,0,2,2
2015,26,1,3,15,2,2,0,1,0,1,0,2,1,13,9,2,1,1,9,1,3,4,3,1,71,0,6,49,0,1,14,10,14,1,1,0,3,12,3,3,2,0,0,0,1,7,0,8,4,3,4,2,7,0,0,11,0,1,5
2015,27,3,4,18,3,1,3,1,2,1,1,5,1,15,11,1,2,3,9,1,2,1,4,3,86,2,1,41,2,4,28,14,22,1,2,2,1,11,1,5,2,5,1,4,1,5,7,11,4,2,6,3,5,2,1,12,1,1,6
2015,28,4,6,24,1,1,4,0,2,5,2,5,2,14,9,3,0,4,19,1,5,6,1,2,86,0,7,32,2,4,10,13,20,1,5,2,0,18,2,0,0,2,1,2,4,1,3,9,3,4,2,4,8,3,2,12,2,0,5
2015,29,1,6,28,8,1,4,1,0,1,1,3,2,14,7,3,1,5,17,2,2,1,4,3,77,5,10,43,1,2,9,16,23,2,3,6,3,13,2,4,0,1,2,0,1,6,6,9,1,1,6,1,8,1,3,16,1,2,7
2015,30,4,15,17,6,4,4,0,3,7,0,2,2,8,8,3,2,8,10,2,2,4,3,1,76,1,1,47,3,3,23,16,14,3,6,4,1,19,2,8,1,2,2,4,6,4,4,8,2,2,3,3,7,3,4,6,7,0,6
2015,31,6,12,26,3,0,8,2,2,1,0,5,2,12,8,1,0,5,3,0,2,1,5,0,86,1,2,28,0,4,13,16,14,2,3,0,2,18,0,3,2,0,1,2,3,1,3,8,1,5,2,2,4,1,0,8,3,2,4
2015,32,1,3,26,1,1,3,1,2,7,2,1,5,10,11,4,2,2,8,0,0,0,3,1,81,5,1,31,1,2,21,15,12,1,2,2,2,9,1,5,2,1,0,2,4,3,3,8,4,2,1,7,6,7,2,8,2,2,0
2015,33,4,5,24,1,1,4,0,2,2,3,3,3,17,9,4,0,4,11,2,1,0,3,3,83,1,0,54,0,4,22,21,10,1,2,0,2,7,1,8,2,2,2,2,2,7,4,6,5,0,4,5,9,2,3,6,5,2,4
2015,34,1,8,31,3,0,2,0,6,1,0,2,0,7,17,5,3,3,12,1,2,4,2,0,71,2,1,32,1,2,17,15,16,1,5,1,4,16,1,2,1,2,0,3,3,2,4,7,1,3,3,2,4,3,2,14,0,4,3
2015,35,2,8,20,0,4,3,1,5,5,1,4,7,11,4,3,3,3,14,3,3,1,0,1,69,1,2,44,0,1,15,18,13,0,2,0,1,15,3,4,1,4,0,2,2,3,3,7,1,2,4,3,6,1,4,12,1,1,4
2015,36,2,5,18,3,3,4,1,0,5,2,3,2,7,5,4,1,3,11,2,0,1,2,3,64,1,2,37,0,5,19,15,18,1,3,2,1,13,1,6,2,2,2,2,1,5,0,9,4,2,1,1,6,1,1,9,2,1,4
2015,37,3,6,24,4,0,4,2,2,3,0,1,1,14,13,2,1,2,9,0,3,4,4,3,67,0,0,35,1,1,11,14,14,0,0,1,0,7,1,4,4,2,1,2,3,4,2,6,1,6,3,4,2,1,3,7,3,3,1
2015,38,2,3,22,2,2,4,1,0,1,0,4,0,15,7,5,1,4,8,3,2,2,1,3,80,3,1,48,1,2,16,15,21,5,1,4,3,17,4,9,2,1,2,5,0,5,4,5,1,3,6,1,5,1,1,12,2,1,1
2015,39,0,8,20,1,1,5,1,4,3,0,2,6,9,10,1,1,5,11,0,2,1,2,3,69,1,1,40,1,2,23,13,9,0,0,1,0,8,3,4,3,1,1,1,1,2,6,9,2,0,5,5,1,1,1,17,1,0,3
2015,40,2,8,13,1,2,3,0,3,3,0,1,6,8,6,0,2,1,17,2,1,1,3,3,79,1,1,39,0,2,19,16,14,2,3,2,3,12,3,6,1,3,1,3,3,4,3,12,5,0,3,3,4,1,1,10,5,1,3
2015,41,4,11,26,4,2,4,1,5,3,0,1,4,22,18,6,5,3,14,1,0,2,1,3,72,2,0,50,2,2,12,10,22,3,4,5,1,16,6,3,2,4,0,3,4,3,4,8,2,2,1,3,6,1,0,12,1,3,4
2015,42,4,7,17,4,2,4,1,2,3,0,3,3,13,10,6,2,5,14,3,2,4,0,1,63,5,4,48,2,3,21,12,12,2,6,2,4,8,2,5,1,0,1,2,7,3,2,10,2,1,2,2,5,2,2,15,2,0,5
2015,43,3,6,18,2,3,4,1,3,7,2,1,4,16,9,1,2,7,9,1,4,0,2,3,96,1,1,59,1,3,17,17,17,2,7,4,6,14,0,3,3,2,1,2,3,4,2,10,1,3,1,4,6,1,1,8,2,0,1
2015,44,4,9,18,2,6,2,1,4,3,2,2,2,10,10,6,2,5,17,1,3,2,0,2,95,1,1,52,1,6,16,24,13,3,0,1,5,11,0,5,3,0,0,1,5,3,2,10,5,3,6,2,6,1,3,14,2,5,5
2015,45,2,11,27,1,4,7,1,3,0,1,1,2,10,6,3,1,4,17,1,3,0,1,1,78,2,0,41,0,2,15,28,17,1,1,4,7,11,2,4,2,3,1,2,3,4,7,8,2,3,2,2,13,4,1,9,2,2,3
2015,46,4,6,15,1,2,3,2,6,3,5,1,2,12,10,6,0,6,5,3,4,3,2,0,83,6,3,55,1,2,20,24,17,3,2,0,5,14,1,5,2,1,0,3,1,6,5,5,2,2,6,0,4,0,3,5,1,1,4
2015,47,3,6,18,2,2,4,0,3,4,0,2,5,10,12,2,5,3,12,1,4,2,2,1,77,7,3,43,0,2,18,14,15,2,5,1,3,17,1,1,3,4,1,0,4,6,2,8,4,5,2,1,6,3,1,11,2,1,3
2015,48,0,7,18,3,1,8,0,5,7,0,4,2,13,19,1,0,2,11,1,4,4,1,0,71,0,0,55,5,2,18,23,8,5,1,9,2,17,1,5,3,1,0,2,5,4,3,6,8,3,7,0,2,1,0,14,2,1,3
2015,49,3,7,21,2,0,9,1,2,6,0,3,3,7,14,1,5,1,14,2,4,0,2,2,81,4,1,40,1,1,16,15,23,1,1,1,6,18,2,5,1,1,1,1,2,1,6,4,4,2,2,1,11,3,1,16,2,1,1
2015,50,4,14,22,1,5,5,1,2,7,2,2,1,13,14,1,1,2,19,2,5,4,1,4,106,2,2,42,3,2,25,15,21,1,2,1,2,14,2,14,0,1,2,1,0,6,4,8,5,1,3,2,5,1,1,21,1,0,5
2015,51,3,7,26,5,1,4,0,2,0,0,2,1,13,7,3,0,2,8,4,2,4,3,3,72,4,3,36,3,3,16,17,22,1,0,2,3,19,0,4,4,4,1,6,5,4,0,10,6,2,2,2,5,3,0,14,3,1,4
2015,52,4,10,26,4,3,4,3,2,4,2,0,1,15,9,6,2,4,14,2,2,1,2,4,66,2,4,32,1,4,12,19,13,2,1,4,4,7,1,4,1,1,2,2,2,5,2,7,1,2,5,3,10,3,2,6,3,1,4
2015,53,3,3,15,2,2,0,2,2,3,1,0,8,6,5,2,4,5,4,0,3,1,1,0,42,1,3,36,1,0,6,7,8,1,2,2,1,4,0,3,2,1,0,0,3,0,1,6,2,1,5,4,5,2,0,8,1,0,2
2016,1,4,5,22,5,3,8,3,2,6,1,0,4,22,10,5,1,3,22,6,4,0,3,4,98,2,1,58,4,4,16,21,16,4,4,1,5,11,3,7,1,2,1,0,1,5,6,6,7,6,4,2,13,3,1,12,4,2,4
2016,2,1,14,21,3,5,8,1,2,2,1,0,2,15,10,2,4,7,13,1,2,5,2,4,108,1,3,53,1,3,24,20,18,3,1,3,2,11,1,5,2,0,3,1,3,7,5,10,4,2,8,3,5,2,0,14,0,1,8
2016,3,3,6,25,2,0,7,2,0,2,0,2,2,11,17,2,0,3,14,3,1,3,2,7,75,3,1,46,1,1,25,22,23,3,2,1,1,15,1,4,5,3,2,1,4,3,4,12,6,1,6,6,7,3,2,10,3,2,6
2016,4,1,11,38,6,1,4,4,1,4,2,3,1,18,11,5,2,5,15,4,0,1,2,4,82,4,2,49,1,4,27,24,24,2,2,4,2,18,5,8,1,1,0,5,3,8,3,5,6,2,6,3,12,3,1,10,2,2,1
2016,5,2,7,23,7,1,8,0,2,2,4,1,4,13,14,3,2,3,16,6,2,1,4,0,93,4,0,52,2,4,20,21,18,0,4,1,4,18,1,4,1,2,0,1,2,5,9,16,5,1,2,3,10,2,4,12,0,1,12
2016,6,1,6,27,7,3,7,1,3,2,1,2,3,23,13,3,2,2,18,1,3,2,2,2,72,6,4,49,3,5,23,24,24,4,0,3,1,18,2,3,2,1,1,1,2,7,2,7,3,3,1,2,4,3,1,8,7,0,9
2016,7,2,8,24,4,0,5,3,1,1,0,2,3,11,9,4,2,3,15,3,4,1,3,2,103,4,0,58,0,3,30,26,23,2,1,0,2,14,1,5,1,2,1,3,1,8,1,9,4,0,1,2,3,1,2,14,4,2,2
2016,8,3,11,23,3,2,5,1,2,4,0,0,1,14,5,2,1,5,22,2,0,1,2,0,79,3,0,56,0,2,21,21,18,3,3,1,5,24,2,7,1,9,4,1,3,5,7,7,1,2,3,5,8,3,3,9,4,1,2
2016,9,1,9,24,7,2,8,2,1,3,4,4,3,12,12,1,1,3,14,5,3,3,2,1,98,2,2,53,3,0,19,20,21,4,3,2,3,20,3,5,3,2,0,3,1,5,3,8,1,2,4,7,3,2,2,12,3,1,5
2016,10,3,2,25,3,2,6,2,1,5,0,2,2,7,13,0,2,2,21,3,5,5,3,1,98,4,2,49,1,2,24,23,17,1,1,4,1,16,1,4,0,2,1,1,4,7,3,4,3,2,2,10,8,1,0,15,1,2,5
2016,11,3,10,32,3,2,5,0,4,6,3,1,3,12,14,2,3,5,15,3,2,3,1,3,105,3,2,39,2,0,22,8,19,2,1,4,3,10,2,2,2,2,1,1,0,4,5,11,3,2,5,5,2,2,3,10,2,3,2
2016,12,3,6,28,4,1,3,1,4,3,1,1,3,10,10,3,2,6,18,0,5,7,0,1,82,1,1,49,0,5,25,21,14,2,2,1,3,18,2,2,2,2,1,1,3,8,4,6,4,0,6,4,2,2,2,11,2,1,2
2016,13,4,12,21,3,3,5,0,5,0,2,5,3,12,15,2,1,2,18,2,1,5,4,2,99,5,2,56,1,3,18,17,17,2,4,0,3,22,3,8,5,2,0,3,6,5,3,10,4,0,2,4,4,1,5,12,2,0,2
2016,14,3,8,29,5,1,6,0,3,1,0,7,2,14,9,8,1,6,13,2,6,1,1,2,68,3,1,39,4,4,13,17,15,1,5,1,5,13,5,0,3,0,0,4,4,4,2,7,6,3,2,3,3,2,1,13,2,2,4
2016,15,3,9,19,0,1,2,2,4,5,4,1,2,13,13,2,1,7,13,1,3,1,1,2,72,2,2,38,1,0,23,10,14,1,3,2,4,15,2,5,0,2,1,0,4,2,4,9,4,3,2,4,7,2,1,9,1,0,2
2016,16,2,6,21,1,0,4,1,1,6,1,1,5,6,9,1,3,4,15,3,1,4,8,0,72,3,1,55,2,1,32,19,17,1,2,1,4,14,1,3,3,1,1,5,3,7,2,9,4,5,5,3,5,1,1,14,4,2,13
2016,17,4,4,21,2,3,4,1,4,3,0,3,4,14,12,1,2,5,14,4,3,3,1,2,71,2,0,32,0,2,18,21,11,1,1,0,4,13,0,8,3,4,0,1,3,5,5,8,2,1,4,4,10,3,3,8,1,4,3
2016,18,5,5,25,2,5,7,0,1,5,0,1,0,13,9,3,2,6,9,0,0,3,5,0,82,3,1,57,3,3,21,14,13,1,0,1,3,17,2,1,2,0,1,1,3,2,2,10,4,2,7,1,6,1,0,10,1,0,2
2016,19,3,4,27,6,1,5,0,4,2,1,4,4,14,7,2,0,4,11,1,0,1,3,1,68,1,3,45,1,0,25,28,13,1,4,0,1,5,1,5,2,3,2,1,6,6,3,9,3,0,2,3,6,1,1,10,0,2,3
2016,20,1,6,13,1,1,7,1,2,5,1,2,0,16,6,2,3,3,16,3,3,1,1,2,79,4,4,48,2,2,18,14,13,2,1,0,2,9,3,4,0,1,2,3,3,3,1,9,3,2,5,2,7,1,2,9,0,0,4
2016,21,2,12,20,2,3,8,1,2,0,2,4,2,10,10,1,3,2,11,0,2,5,1,1,70,3,2,34,0,5,19,17,14,1,3,1,4,19,1,1,3,1,0,3,2,3,1,8,4,2,5,3,14,3,3,12,3,2,2
2016,22,2,6,18,0,2,4,1,1,3,1,2,6,9,6,1,2,7,8,5,1,4,2,3,72,4,2,42,3,1,20,15,10,1,0,1,1,21,3,5,3,3,0,2,5,4,5,6,1,4,3,4,3,1,1,13,3,1,4
2016,23,5,5,17,0,3,5,0,3,3,1,3,1,15,11,1,1,5,11,1,4,1,3,3,77,0,4,48,2,0,22,15,10,2,0,1,3,14,2,6,0,1,2,3,3,6,2,6,4,3,0,6,10,2,0,9,2,1,3
2016,24,1,12,21,2,1,1,0,2,2,2,0,3,12,14,0,1,1,11,1,3,2,3,1,68,3,0,53,3,4,21,15,13,2,2,1,2,13,3,5,4,1,0,2,3,5,3,6,2,0,3,3,3,3,1,11,4,5,3
2016,25,3,13,18,2,2,7,0,4,2,2,2,2,11,13,3,3,4,13,4,1,2,3,1,75,2,0,38,3,3,7,20,15,1,0,2,2,8,0,0,4,3,2,2,3,2,3,5,2,0,5,5,5,2,4,11,3,0,2
2016,26,2,3,21,4,5,2,2,1,3,3,6,1,13,6,4,4,0,16,2,1,0,4,1,72,1,3,41,3,1,16,11,11,0,4,3,3,12,1,5,5,0,0,2,2,5,2,12,4,0,4,5,10,1,0,11,4,1,5
2016,27,3,9,15,4,3,6,2,5,1,0,2,4,16,12,3,2,3,12,1,3,1,0,2,70,4,1,36,3,3,20,17,12,4,3,2,0,15,1,5,1,1,2,0,1,5,1,8,4,2,4,5,8,0,1,7,0,1,4
2016,28,6,7,23,3,4,5,1,2,1,1,4,1,14,7,3,4,3,15,5,3,3,2,2,72,1,2,46,1,1,20,14,16,7,0,3,2,14,2,5,2,1,3,1,3,5,4,9,1,3,2,0,9,1,0,9,2,3,5
2016,29,3,9,17,4,2,5,0,2,4,2,4,2,15,12,2,0,2,10,1,2,2,3,3,60,1,1,40,0,1,20,12,19,2,1,0,2,7,2,5,1,3,0,0,4,4,3,7,3,4,2,3,4,0,2,8,2,0,2
2016,30,2,6,18,3,2,1,1,1,0,4,3,4,11,4,3,3,2,9,2,4,5,6,0,85,1,0,54,0,2,16,14,20,3,1,2,1,10,2,6,3,1,0,0,5,3,2,8,3,1,3,4,6,3,0,8,2,1,6
2016,31,2,9,24,3,2,4,3,0,2,0,1,1,14,7,2,2,2,10,3,4,1,3,2,74,3,1,46,2,4,21,11,13,2,0,3,1,7,0,2,2,2,0,0,3,6,7,8,0,0,0,2,3,0,0,12,1,2,2
2016,32,1,12,14,2,2,1,0,2,0,2,4,2,12,7,2,2,5,11,1,2,1,3,3,74,2,0,40,0,1,14,14,17,0,0,0,4,11,1,4,1,0,1,2,3,5,3,7,2,2,4,2,9,2,1,17,0,3,5
2016,33,0,9,25,2,0,2,0,2,3,0,2,3,14,13,3,3,6,7,1,1,3,3,1,84,2,1,54,0,1,15,14,9,2,1,2,0,15,2,4,1,3,0,3,0,4,3,5,6,2,3,4,6,1,0,10,3,1,6
2016,34,4,6,22,2,2,7,1,1,1,1,2,4,11,5,2,2,7,22,1,2,5,3,6,79,1,0,43,1,1,32,11,10,0,1,3,1,11,1,3,1,2,0,0,5,3,4,5,2,2,1,4,5,1,0,8,5,1,3
2016,35,4,7,22,1,2,4,1,2,2,1,0,2,11,19,5,2,6,14,3,3,5,2,2,73,2,1,44,1,1,19,19,14,1,2,6,1,13,0,5,2,3,0,1,1,2,6,14,0,3,0,9,8,2,1,11,4,2,1
2016,36,2,9,19,2,2,3,1,5,2,0,1,0,16,17,0,4,4,14,2,2,0,2,0,59,2,0,46,1,3,16,18,15,2,6,0,3,14,3,2,4,0,2,1,4,5,2,8,4,0,1,2,4,1,1,5,2,0,2
2016,37,9,11,29,0,2,6,0,2,1,0,3,2,5,9,2,4,2,19,4,2,3,0,0,71,4,3,43,1,2,17,18,13,1,1,1,2,14,1,5,0,7,1,3,3,7,2,8,7,1,3,1,8,1,0,11,2,2,2
2016,38,5,7,20,0,0,2,0,3,1,3,0,3,13,5,2,2,3,17,3,2,1,3,4,79,0,2,44,0,2,25,11,18,3,0,1,2,12,2,6,2,2,2,1,2,5,5,10,2,2,4,3,8,0,0,15,2,1,2
2016,39,1,10,27,1,1,1,0,1,3,0,2,1,16,13,2,3,4,8,1,3,4,2,3,76,4,1,45,2,1,13,14,18,0,2,1,3,13,1,6,5,2,1,1,3,4,5,12,1,5,1,2,5,4,0,12,2,0,4
2016,40,2,8,26,1,2,3,0,1,3,5,2,1,9,6,3,3,3,13,1,4,2,0,2,82,1,3,43,0,1,18,12,23,3,3,4,4,13,2,3,2,1,1,1,3,4,7,8,3,3,7,1,8,0,0,13,0,4,6
2016,41,2,15,23,2,0,5,0,2,1,0,1,3,12,10,4,4,3,15,3,3,7,1,3,88,2,1,50,2,2,24,18,15,0,4,2,0,11,1,6,2,3,5,0,2,4,3,12,1,2,5,2,9,1,3,9,2,2,3
2016,42,2,7,25,1,2,6,0,2,0,1,1,4,12,13,4,4,2,11,3,2,2,3,5,77,3,2,35,1,2,20,20,15,1,1,2,3,10,4,9,5,3,0,3,4,3,4,8,2,2,3,0,8,1,1,15,2,2,5
2016,43,4,9,23,2,4,6,4,6,1,1,1,0,10,13,4,2,9,13,2,2,0,3,2,89,1,1,45,4,1,22,20,17,3,4,0,1,7,4,3,1,4,3,1,4,8,1,8,1,2,4,1,4,2,2,10,5,3,5
2016,44,4,10,25,5,2,7,1,2,2,1,2,0,5,7,3,3,5,9,2,1,2,0,1,82,0,3,35,2,2,16,13,15,2,3,0,3,9,3,2,4,0,0,6,1,7,4,9,2,4,3,5,4,2,1,14,0,1,3
2016,45,5,7,18,3,2,4,0,1,2,5,1,2,9,12,4,3,4,20,1,3,3,0,3,87,5,4,41,3,0,27,14,16,1,1,3,2,10,1,3,2,2,2,2,3,7,3,2,6,4,2,3,9,3,3,10,1,0,0
2016,46,0,6,29,3,2,6,1,0,5,2,1,1,14,11,3,0,5,12,3,3,1,2,1,79,2,4,40,1,3,22,16,17,4,8,4,0,8,3,3,3,2,1,2,0,2,7,14,6,1,2,3,5,0,3,12,2,2,7
2016,47,4,10,21,1,6,15,3,2,3,3,2,2,12,5,2,1,2,9,2,0,4,2,1,74,5,0,42,1,3,17,22,11,2,1,1,3,11,0,4,1,7,0,3,2,2,4,6,1,2,3,6,10,1,2,8,4,3,6
2016,48,1,6,17,1,2,7,0,2,5,2,2,2,9,16,3,1,6,19,4,1,1,0,6,83,2,5,45,3,1,15,15,14,1,1,3,1,11,2,4,2,2,1,2,2,4,4,6,1,2,2,4,2,1,1,13,4,1,2
2016,49,2,5,22,2,2,5,2,1,2,0,3,4,9,9,2,2,1,16,4,2,4,3,0,90,2,1,45,2,5,19,16,17,2,2,1,2,19,2,11,2,2,0,5,1,5,4,10,4,3,3,5,5,0,3,17,1,0,5
2016,50,1,5,26,1,2,5,2,1,3,0,1,3,6,11,1,1,3,3,1,1,0,1,2,92,0,1,45,1,7,11,20,17,2,0,1,2,13,3,3,3,1,0,3,3,4,4,8,4,1,5,3,5,0,1,10,3,3,4
2016,51,4,8,24,3,3,4,1,0,6,1,4,5,11,4,7,3,5,10,3,2,1,3,3,98,2,3,50,2,2,21,16,19,4,0,1,3,12,2,1,0,1,0,0,3,9,2,10,9,2,1,3,2,3,2,25,2,1,3
2016,52,1,7,18,3,2,3,1,0,1,0,2,3,11,12,2,1,4,20,4,1,3,3,0,77,2,1,44,0,2,21,18,27,3,1,2,1,11,1,6,2,6,2,2,1,7,9,11,6,2,4,5,10,1,0,11,5,1,3
2016,53,4,6,2,4,0,6,0,1,2,1,0,2,6,6,3,0,3,8,1,1,1,1,2,38,1,0,16,2,2,10,10,7,2,1,3,3,6,1,2,0,0,0,1,0,3,5,5,0,2,3,0,3,0,0,2,1,0,1
2017,1,2,9,30,2,2,9,2,1,6,2,0,1,16,8,2,1,7,14,2,3,4,5,1,92,2,4,57,1,2,29,19,28,3,3,1,6,23,2,8,3,4,2,1,5,4,6,12,1,8,6,7,6,3,2,10,2,0,5
2017,2,3,14,24,5,7,7,1,4,5,1,6,2,26,22,3,3,12,11,2,9,2,5,1,122,2,2,52,3,2,33,28,18,3,1,2,4,17,1,4,5,2,2,2,0,6,3,11,5,4,5,11,9,0,5,12,1,3,7
2017,3,9,6,35,3,4,11,2,6,0,0,2,3,17,15,1,2,8,12,5,6,4,2,6,145,3,3,71,0,2,22,33,19,6,3,3,4,14,0,8,10,2,1,2,4,8,7,12,5,4,6,6,8,1,1,12,3,3,6
2017,4,4,8,34,3,0,10,3,1,7,3,5,10,21,15,4,3,7,21,6,6,5,1,6,125,2,3,57,0,2,39,37,16,2,2,2,4,24,1,3,6,2,0,0,9,6,6,15,4,5,3,1,8,2,1,12,3,6,6
2017,5,10,11,40,5,4,10,5,3,1,6,9,4,28,18,7,2,7,20,4,3,5,1,4,110,2,3,77,3,8,32,40,23,2,0,2,5,19,2,3,4,2,0,1,5,4,6,12,2,4,4,6,4,0,5,11,4,2,4
2017,6,3,10,33,4,4,9,3,2,2,1,4,1,19,12,5,1,6,29,2,4,0,3,1,119,3,4,68,2,3,28,23,22,2,3,3,2,18,3,6,1,1,3,3,4,0,4,10,4,3,6,1,11,6,3,10,1,3,6
2017,7,7,8,24,4,5,8,2,3,5,0,6,3,14,10,3,2,7,12,4,2,4,3,3,101,2,2,66,1,1,27,20,17,1,2,0,0,13,2,4,2,4,0,3,3,4,7,9,5,2,5,4,13,5,3,14,3,4,5
2017,8,2,13,32,3,2,4,1,3,3,5,7,11,20,5,2,1,8,17,2,2,0,1,1,86,0,3,71,2,2,32,16,24,4,1,1,2,14,1,4,2,2,2,2,0,4,4,12,5,1,6,0,9,3,1,14,3,1,4
2017,9,2,11,43,2,5,7,1,2,3,2,1,1,15,7,1,4,8,11,2,3,2,4,1,87,1,0,52,2,3,28,20,21,5,1,1,3,13,1,2,3,0,1,3,4,6,4,8,4,2,5,4,10,2,4,10,2,3,6
2017,10,3,9,25,3,5,2,1,2,1,1,1,3,14,13,4,4,3,6,2,6,2,2,0,85,2,2,41,0,3,25,17,12,1,0,2,1,12,3,12,0,0,0,1,4,1,7,9,1,1,1,1,7,3,3,3,7,2,5
2017,11,4,11,21,5,0,6,0,1,1,1,4,0,15,9,3,2,2,14,1,4,2,3,3,79,3,2,65,2,4,18,11,25,6,4,3,1,10,2,3,0,0,1,3,1,4,2,7,4,3,3,3,7,3,1,17,2,0,2
2017,12,3,8,28,4,0,4,0,1,3,3,4,2,13,13,2,1,5,11,6,2,3,2,4,87,2,1,57,2,6,23,18,14,2,2,3,0,11,1,5,1,4,0,1,9,2,6,5,4,6,6,3,9,0,1,12,5,1,8
2017,13,1,12,22,3,3,9,2,4,1,2,2,3,9,11,0,1,3,12,2,2,2,3,0,85,3,3,43,3,3,20,12,23,2,7,0,2,9,1,5,1,5,2,4,5,5,5,9,4,5,8,2,10,3,1,14,0,3,8
2017,14,1,10,15,1,5,7,2,1,4,4,2,5,12,10,1,1,4,9,0,1,1,2,0,57,1,1,60,1,1,23,14,17,4,1,1,0,22,1,3,3,2,2,1,3,3,7,4,6,2,7,5,4,0,4,11,1,2,4
2017,15,4,3,35,2,1,2,1,2,4,2,3,1,5,11,6,0,3,5,2,3,2,3,1,78,2,3,51,3,1,13,22,15,0,0,2,2,12,2,2,1,0,1,1,3,6,0,4,2,3,7,4,5,2,4,10,0,4,2
2017,16,0,7,34,6,0,5,0,0,3,1,3,2,11,8,2,2,3,13,2,2,2,2,2,78,3,1,60,0,0,25,12,22,0,5,1,0,9,3,4,1,2,0,1,1,4,6,9,5,2,4,2,9,3,0,9,1,4,3
2017,17,0,9,28,3,5,2,0,4,3,1,3,4,12,15,3,4,7,12,2,2,4,2,2,77,2,2,40,0,2,18,10,15,4,2,1,4,8,0,2,1,1,1,6,2,8,5,9,4,1,6,3,4,2,2,9,3,1,4
2017,18,3,4,16,6,1,6,2,2,5,0,1,3,11,11,6,2,4,10,4,3,2,5,3,68,5,2,53,2,4,17,20,8,2,2,0,3,11,1,9,2,1,0,2,3,4,3,2,4,2,4,2,7,5,0,8,1,1,1
2017,19,6,3,31,0,3,6,3,1,1,1,1,4,10,9,6,2,0,10,0,2,3,2,2,81,1,1,50,1,1,16,13,14,3,1,1,1,13,0,6,2,5,0,1,3,3,3,7,7,0,5,2,3,2,2,11,2,2,8
2017,20,3,7,16,3,5,5,2,1,3,0,4,2,19,4,3,1,9,11,3,4,3,3,2,93,2,1,47,1,2,14,14,17,2,1,3,3,14,0,5,4,1,0,1,0,2,0,8,2,1,2,4,6,3,0,8,3,1,3
2017,21,0,7,20,5,2,6,2,3,3,1,2,0,10,11,0,2,1,17,2,2,1,2,2,81,2,2,41,5,4,17,12,17,2,3,1,2,13,2,6,1,1,0,0,3,0,2,10,1,1,2,4,6,1,0,9,2,1,3
2017,22,1,9,31,1,1,4,1,9,1,2,1,5,14,15,2,6,4,17,0,2,2,1,1,79,2,0,47,1,3,17,14,23,2,1,1,1,9,0,3,0,1,5,1,4,5,3,5,7,1,4,2,7,2,1,10,2,0,4
2017,23,0,7,28,2,4,2,0,1,5,0,2,1,10,8,3,1,5,16,2,2,2,4,1,79,5,0,38,2,0,16,20,16,2,5,0,2,17,0,4,2,2,2,3,1,4,0,6,4,4,5,2,8,4,0,6,0,3,1
2017,24,2,6,22,2,2,4,2,1,1,0,1,3,10,10,5,2,2,10,2,2,1,1,0,67,5,2,46,5,2,21,19,16,2,2,2,1,16,1,6,5,1,1,1,5,2,4,5,1,0,3,3,6,3,1,5,4,3,1
2017,25,3,14,21,2,5,5,0,2,4,0,0,4,11,8,3,6,5,9,2,3,2,1,1,68,2,0,44,1,2,15,17,16,5,3,3,2,11,3,5,1,3,3,2,0,2,0,6,2,2,4,3,4,1,3,12,5,2,1
2017,26,3,9,19,0,1,5,1,1,1,0,4,5,7,16,4,2,2,11,3,4,1,3,0,77,3,0,42,0,4,20,5,14,2,5,5,1,10,0,2,3,1,0,0,5,5,1,8,7,1,2,1,8,1,0,6,1,0,2
2017,27,3,7,26,4,1,6,1,0,4,0,4,1,10,11,3,2,6,9,3,1,3,1,2,94,2,2,39,0,1,11,18,10,0,1,2,7,7,1,5,2,2,1,4,2,4,1,5,6,5,9,1,9,1,0,12,4,1,4
2017,28,3,4,26,3,6,7,1,0,4,1,4,4,10,8,2,1,4,10,2,3,1,1,2,63,0,4,47,1,3,20,14,9,1,3,1,2,10,1,6,2,2,2,4,0,3,4,7,3,2,1,1,6,1,1,3,1,3,5
2017,29,3,10,20,1,3,6,1,1,2,2,2,2,15,13,4,6,2,8,3,3,3,1,1,80,0,3,44,0,1,20,9,14,1,1,0,1,8,1,6,4,1,1,1,1,6,3,9,3,4,2,5,12,3,2,8,1,0,6
2017,30,5,7,17,0,4,6,1,0,3,1,0,2,5,9,4,2,3,12,1,0,5,1,2,79,0,1,38,3,2,17,16,13,3,5,3,1,12,1,9,1,2,1,0,2,5,4,4,2,2,3,3,3,1,2,5,4,2,2
2017,31,5,7,21,2,2,6,3,0,2,2,2,1,12,10,3,0,1,12,3,0,4,1,4,78,0,2,39,1,3,11,18,24,1,3,2,3,12,1,4,3,1,1,2,2,1,2,8,4,1,1,3,6,2,1,9,2,2,9
2017,32,6,7,24,1,2,10,1,0,2,2,2,3,9,4,1,0,3,11,0,1,4,1,1,76,2,2,33,1,3,14,14,11,5,1,1,2,14,0,3,3,4,2,2,3,1,8,5,1,3,4,1,2,2,2,3,0,1,2
2017,33,1,5,25,3,3,5,0,2,4,0,2,3,7,13,4,1,3,13,2,1,3,6,1,73,2,1,57,3,4,18,18,12,2,1,3,5,15,0,5,3,0,1,1,1,4,4,8,3,1,1,3,5,0,1,5,2,3,1
2017,34,2,5,18,3,3,4,1,3,4,1,3,2,7,11,5,1,2,17,2,2,1,1,4,65,2,2,45,0,3,24,9,12,3,2,2,2,13,2,2,3,4,1,0,1,6,1,11,0,1,12,3,8,5,0,8,4,0,6
2017,35,2,11,26,0,2,6,2,1,3,2,2,3,12,17,0,1,3,12,1,4,0,3,2,89,1,1,50,3,0,20,20,15,2,1,0,4,13,3,2,2,3,1,2,1,1,5,2,0,2,1,2,8,1,2,10,2,0,4
2017,36,7,8,18,0,0,6,1,1,5,0,0,2,7,14,1,0,5,8,2,3,0,1,1,73,2,3,44,2,0,17,19,22,1,4,1,4,10,4,2,1,2,0,0,2,4,5,9,4,2,2,3,5,1,1,9,3,2,6
2017,37,3,5,15,2,1,6,0,2,3,1,5,1,9,9,4,6,2,13,2,2,4,4,3,71,0,2,45,2,1,18,13,22,0,1,1,2,18,3,5,2,2,0,2,3,0,4,7,2,1,5,2,5,1,0,6,4,2,6
2017,38,2,5,34,1,0,5,1,2,1,1,1,2,17,17,2,3,7,15,2,0,0,2,1,79,0,1,40,2,1,18,14,13,1,1,1,10,15,1,4,2,5,0,0,3,5,2,10,1,2,2,2,7,3,1,9,4,0,2
2017,39,2,6,25,0,2,9,2,6,2,0,1,5,16,12,3,0,3,14,0,2,2,4,3,87,2,1,41,2,3,12,12,21,2,5,0,4,5,0,4,4,5,1,3,5,6,5,8,2,3,2,5,6,1,1,8,1,2,7
2017,40,4,7,30,1,1,6,4,2,4,2,2,2,6,11,6,2,2,18,2,4,1,5,5,78,1,0,38,1,4,22,15,16,3,1,0,1,11,1,10,5,1,1,0,0,7,3,8,4,5,5,2,9,2,1,16,1,1,6
2017,41,0,7,16,5,1,8,3,2,2,2,0,4,12,13,5,3,2,14,2,2,0,2,1,87,1,4,50,0,0,16,19,17,4,1,2,2,5,3,5,0,3,1,3,1,3,4,10,2,1,5,4,9,5,2,8,3,1,3
2017,42,1,10,30,4,5,4,1,4,3,0,1,2,7,10,3,2,7,14,0,2,4,5,4,70,1,1,54,2,0,22,18,20,2,3,0,2,12,1,3,3,3,0,1,1,3,3,6,5,2,3,1,6,1,1,11,4,0,4
2017,43,3,15,23,4,1,8,2,3,3,0,1,3,10,13,1,3,6,12,3,3,2,3,0,73,1,2,37,2,0,17,9,16,1,1,0,3,12,1,0,2,1,4,0,5,1,4,10,2,1,4,0,8,3,2,11,2,1,1
2017,44,2,10,22,2,3,5,2,7,4,0,3,0,9,13,5,2,1,18,0,4,4,4,1,86,5,4,32,0,4,16,13,26,3,0,2,3,11,0,4,3,1,1,3,3,4,4,5,6,0,3,3,8,2,4,7,3,1,7
2017,45,3,4,19,2,0,4,1,2,1,4,2,3,14,14,6,2,0,11,2,2,2,1,3,82,3,0,52,2,0,20,13,18,0,2,4,3,13,1,8,5,1,0,2,3,5,6,16,3,1,7,2,4,2,1,15,1,1,5
2017,46,8,10,22,0,1,1,0,4,3,1,1,2,17,17,4,0,8,13,1,5,2,6,0,88,5,0,40,0,1,18,20,24,3,2,2,0,17,0,3,0,0,0,0,4,6,4,12,6,1,2,3,3,2,4,9,2,2,2
2017,47,2,6,28,2,5,4,2,3,3,2,0,5,13,15,3,3,4,15,4,2,1,2,1,78,4,0,56,0,1,18,14,15,1,1,2,3,17,0,9,0,2,0,1,4,7,5,7,1,4,3,0,5,2,3,11,2,3,2
2017,48,3,8,19,4,3,5,1,2,6,2,2,3,4,8,1,0,1,6,1,2,3,4,2,82,1,1,41,1,2,22,17,20,0,4,1,3,16,1,11,2,1,0,1,2,9,6,5,0,2,5,0,11,1,1,13,2,1,4
2017,49,5,10,23,6,1,9,2,1,2,0,4,2,14,7,3,2,3,13,2,0,6,1,5,82,3,3,41,2,2,17,19,14,1,4,2,2,15,1,2,2,1,3,3,4,7,2,7,2,4,9,1,6,2,4,12,5,2,6
2017,50,3,8,28,2,1,4,0,3,1,3,1,3,14,18,3,0,6,15,4,2,5,3,3,80,3,5,42,2,3,18,10,14,5,1,1,7,14,1,7,3,6,1,1,1,4,3,7,7,2,2,5,4,1,2,7,3,2,6
2017,51,1,13,28,3,3,5,1,4,4,1,2,1,11,6,0,2,6,10,3,3,1,5,3,83,3,1,50,1,5,17,18,16,0,1,4,3,14,3,9,3,2,0,0,2,3,4,7,4,2,3,2,5,2,5,13,2,1,8
2017,52,9,6,33,5,5,7,0,3,6,3,1,5,18,11,1,3,6,13,2,2,1,1,2,112,3,0,54,1,3,22,17,25,0,3,2,2,23,1,2,3,6,0,2,2,4,12,10,5,5,5,5,9,3,1,20,2,2,6
2018,1,6,8,26,5,2,8,2,4,2,2,1,0,19,10,0,4,5,17,1,3,2,6,3,104,6,1,56,0,4,28,23,23,0,1,3,1,18,2,6,2,3,3,3,4,4,6,11,3,3,2,0,5,4,0,7,7,3,5
2018,2,1,8,17,1,2,2,1,2,1,1,7,3,10,10,1,1,11,12,0,5,2,2,1,74,1,2,65,5,0,24,21,17,3,3,3,1,15,2,8,1,1,1,2,5,9,5,10,3,2,4,0,6,0,0,11,2,1,6
2018,3,3,7,25,3,2,5,2,2,4,1,1,0,10,17,3,3,3,13,1,0,3,2,0,95,1,2,49,0,0,16,24,22,0,3,0,2,18,3,3,2,1,3,2,3,5,4,7,4,3,1,2,12,1,0,13,3,1,0
2018,4,4,3,30,4,2,12,1,2,1,2,1,2,12,9,4,2,8,19,1,1,2,1,4,88,1,2,50,4,1,29,15,12,3,0,3,2,17,3,4,4,4,4,1,0,7,5,13,4,3,5,0,10,2,2,12,2,1,4
2018,5,4,17,35,5,3,9,0,5,0,1,4,4,13,8,4,5,7,21,4,1,3,3,0,100,1,2,71,2,0,18,9,27,3,2,1,2,16,3,3,2,5,4,2,2,3,4,9,1,2,3,0,2,0,2,9,8,2,5
2018,6,2,19,22,4,2,6,2,5,3,2,1,2,10,19,3,2,9,11,2,4,6,3,0,80,0,1,47,2,1,24,14,21,1,1,1,4,17,3,10,1,0,1,1,2,4,4,8,2,0,3,1,10,2,4,19,0,2,2
2018,7,4,6,27,2,3,6,3,2,4,3,2,4,17,15,3,1,2,25,2,2,2,4,1,112,1,3,67,1,2,23,16,21,7,1,1,5,13,1,13,3,2,1,5,0,8,2,12,2,5,5,5,7,4,1,13,5,1,3
2018,8,6,8,24,1,5,6,5,3,5,1,2,2,16,12,2,1,9,14,1,2,6,3,0,115,2,1,57,1,1,23,23,31,6,1,4,0,16,3,5,2,6,1,1,3,7,7,10,2,4,0,5,5,1,4,11,1,2,6
2018,9,6,5,23,6,1,3,1,8,4,2,6,6,16,6,2,2,4,24,1,4,3,3,1,112,3,5,59,3,5,22,27,26,3,4,2,6,19,0,5,1,3,1,3,4,8,3,9,5,6,4,3,10,4,2,11,6,4,4
2018,10,3,9,23,4,7,4,4,2,1,3,3,1,13,6,4,5,7,16,2,2,4,2,4,76,4,2,47,2,4,22,18,29,2,2,5,3,29,2,10,2,3,3,2,2,6,1,10,6,1,9,2,17,5,1,15,2,3,2
2018,11,1,8,26,3,6,3,3,1,4,1,6,3,14,14,4,1,8,19,5,1,1,3,1,99,1,1,64,3,2,23,20,34,1,1,3,6,25,1,8,3,2,4,1,0,5,6,8,2,0,3,3,8,2,1,10,1,3,7
2018,12,5,6,29,4,5,8,2,3,3,3,2,5,13,15,3,2,3,14,2,1,5,4,6,84,3,1,50,1,4,26,19,28,3,1,0,3,8,1,4,0,3,2,1,4,4,6,9,5,1,2,1,8,4,2,12,5,2,3
2018,13,8,8,16,3,3,6,4,0,7,0,2,3,18,14,2,2,6,19,2,1,2,2,4,88,2,0,60,4,6,19,16,18,2,3,3,4,15,1,5,5,1,1,4,1,4,6,4,7,2,6,3,11,1,3,8,2,3,1
2018,14,2,4,21,1,2,7,1,4,3,0,0,2,14,14,1,4,6,10,2,3,2,5,3,92,5,4,46,2,4,22,21,27,0,4,0,3,13,3,1,3,3,2,4,7,6,5,11,6,2,5,3,6,1,3,12,2,0,5
2018,15,4,5,23,2,7,3,2,1,7,0,2,1,14,13,1,2,6,10,0,4,1,2,1,87,0,1,46,1,2,22,21,18,2,1,1,1,16,2,7,1,0,0,0,6,9,3,9,3,4,3,1,8,1,0,12,4,1,3
2018,16,1,5,25,2,5,4,1,4,2,2,6,3,16,10,5,5,3,12,2,1,3,2,4,83,2,1,40,0,3,16,10,20,1,3,4,3,11,2,5,2,2,1,3,5,3,3,7,5,1,5,1,6,1,2,14,2,1,8
2018,17,4,9,23,1,4,6,0,5,7,1,5,5,14,8,1,1,6,10,2,1,2,3,0,96,4,3,49,0,1,18,10,18,1,3,4,2,8,2,4,2,2,2,0,6,4,6,11,5,2,3,0,3,2,1,15,3,1,4
2018,18,1,8,19,0,1,5,2,7,4,1,4,4,9,9,3,1,6,9,1,3,2,4,1,83,3,3,35,3,1,25,25,11,3,2,0,2,13,0,4,1,2,2,3,2,2,5,5,2,1,1,2,1,1,0,5,1,2,2
2018,19,0,5,27,2,2,3,1,0,2,3,2,4,16,11,1,1,3,7,3,1,0,1,1,85,1,1,49,0,3,22,16,16,1,0,1,1,13,4,3,1,1,0,3,6,4,6,7,2,4,2,1,4,2,0,8,4,2,5
2018,20,1,7,23,3,2,3,1,3,1,2,4,3,4,7,4,4,6,15,2,2,1,2,6,78,0,2,33,0,2,19,20,13,1,2,2,1,13,1,1,0,3,1,1,6,6,3,2,5,3,5,3,7,2,3,10,7,3,3
2018,21,7,10,21,1,4,3,0,2,5,0,3,1,11,12,2,2,3,15,0,1,4,4,1,77,1,0,44,3,1,12,22,10,6,2,2,2,15,1,5,3,2,0,2,3,7,3,6,5,3,1,2,6,0,2,7,1,0,5
2018,22,5,4,23,5,4,7,1,6,2,3,2,0,9,11,2,2,6,16,3,7,2,1,2,67,3,0,48,3,4,17,17,14,2,6,2,2,13,0,6,3,1,1,1,0,1,2,12,2,2,2,2,3,2,1,10,3,2,3
2018,23,4,9,18,2,2,5,1,2,6,1,3,1,16,11,3,1,5,14,0,5,4,1,2,88,3,3,41,0,2,18,12,15,2,2,2,2,9,0,0,0,0,0,1,2,3,3,9,4,2,2,2,6,1,0,14,1,2,4
2018,24,2,5,21,0,4,4,1,5,1,1,2,2,14,7,1,2,3,12,3,2,1,0,1,90,4,0,39,0,4,15,13,14,0,1,1,1,13,1,4,2,1,0,3,2,3,4,11,3,1,3,3,9,0,0,5,0,2,3
2018,25,5,4,26,1,4,5,4,3,2,0,1,5,7,15,2,1,10,11,4,0,4,5,1,77,3,0,38,1,3,18,13,18,4,1,2,3,9,0,6,0,2,0,1,4,5,4,6,1,3,1,0,6,1,0,8,4,1,3
2018,26,1,9,18,5,1,2,1,3,5,3,1,2,7,14,2,2,13,9,2,1,2,0,3,73,1,0,39,2,6,18,10,10,1,1,0,1,7,1,8,1,4,1,1,3,10,0,6,4,2,0,1,8,3,1,4,3,1,0
2018,27,2,4,21,1,0,4,0,1,1,1,1,2,13,11,2,3,4,11,1,2,2,4,1,65,2,3,49,1,2,19,13,16,3,2,3,1,11,1,1,2,1,1,4,1,6,3,9,3,4,6,3,3,1,0,6,2,2,0
2018,28,2,9,25,4,1,3,0,1,3,0,0,1,12,12,1,1,6,13,1,1,6,3,3,68,1,2,36,0,4,18,4,14,1,4,3,5,11,0,6,0,2,2,2,3,1,1,7,4,3,3,3,4,1,2,10,1,2,1
2018,29,3,10,16,3,0,7,0,0,5,1,3,1,13,9,3,2,5,13,3,2,9,2,2,82,2,2,45,2,0,20,20,17,2,3,5,3,16,4,5,2,0,1,1,3,4,3,3,3,4,5,1,7,3,2,11,0,2,3
2018,30,2,7,33,2,6,4,1,3,2,2,1,3,12,12,4,0,13,10,5,2,0,2,1,84,2,2,40,0,1,12,14,16,5,2,0,3,13,3,3,5,1,2,2,1,2,0,5,3,3,3,4,6,3,2,9,2,0,5
2018,31,0,5,23,5,5,8,1,2,5,1,1,1,13,16,1,8,8,22,1,2,4,4,2,84,2,2,37,1,5,18,9,24,2,3,6,1,15,0,6,0,0,2,0,3,8,1,7,3,2,3,1,6,1,2,11,3,3,4
2018,32,3,10,21,0,3,7,0,4,3,0,2,3,11,10,2,2,9,16,6,1,5,3,3,75,0,2,53,1,1,15,19,21,1,3,0,1,18,3,5,4,1,0,1,5,7,1,6,3,2,5,0,9,2,1,11,2,2,5
2018,33,2,8,32,0,2,4,1,0,5,0,0,3,20,6,1,0,5,7,3,0,0,3,1,70,3,0,46,2,1,16,21,15,3,1,1,3,12,1,4,1,0,2,1,0,3,4,9,4,1,2,0,5,0,1,10,3,2,4
2018,34,4,9,17,3,3,5,2,2,4,4,3,1,17,8,1,1,8,12,4,1,2,3,4,88,2,0,51,2,2,14,15,16,1,0,0,4,10,1,2,0,6,0,0,4,4,3,5,2,1,3,6,5,2,0,15,2,2,4
2018,35,3,17,27,1,2,2,3,3,3,1,0,1,16,15,1,0,2,12,3,1,0,0,2,81,6,2,40,0,0,18,20,12,2,5,1,2,12,0,4,1,2,2,0,0,7,3,5,3,1,7,0,7,1,3,8,3,2,5
2018,36,3,9,22,0,0,2,1,2,0,2,2,1,7,15,6,2,4,18,1,1,4,3,1,66,2,1,57,1,0,19,14,21,3,2,1,3,12,2,2,1,5,2,1,4,3,3,11,3,1,2,2,3,2,0,12,3,2,5
2018,37,1,12,30,4,2,7,1,2,3,1,2,3,9,11,1,1,6,10,2,6,3,3,3,89,3,0,43,1,2,17,10,15,3,3,1,3,21,4,6,0,3,2,0,1,4,1,10,6,3,3,3,7,3,1,12,0,2,3
2018,38,2,9,27,1,5,5,3,4,2,2,1,0,9,6,6,0,6,11,4,2,5,0,0,98,3,1,43,0,2,25,23,20,2,2,1,4,12,2,2,2,1,0,2,1,4,7,11,3,1,2,2,5,1,2,3,1,2,2
2018,39,3,8,17,1,0,4,1,4,2,1,3,2,10,12,1,1,2,15,2,1,2,1,1,74,1,1,47,0,2,19,13,19,2,1,2,0,18,2,4,0,2,0,2,1,4,3,5,5,2,2,3,11,1,0,9,1,5,5
2018,40,1,12,22,1,4,3,0,3,3,3,3,1,17,15,2,3,4,14,0,1,2,1,3,86,2,2,49,1,2,13,16,21,3,3,2,3,12,1,3,3,1,1,1,2,4,7,4,4,3,2,2,5,0,0,9,4,3,6
2018,41,1,9,36,2,2,6,2,2,5,2,3,1,4,7,2,3,4,22,3,1,3,1,2,80,2,1,49,2,2,22,14,16,1,0,7,4,13,1,1,2,4,4,2,1,3,5,9,3,4,1,1,3,1,1,10,0,2,2
2018,42,4,11,24,3,3,4,1,0,2,0,2,3,15,12,3,0,9,10,1,2,1,3,3,102,2,1,43,0,2,14,16,8,3,1,0,3,13,2,6,3,4,2,1,1,4,3,5,6,3,2,2,7,2,2,6,4,1,2
2018,43,1,10,22,4,2,3,0,3,4,1,3,4,8,12,1,3,8,15,2,3,2,2,1,93,2,4,46,2,3,17,13,20,2,1,2,2,15,1,7,1,2,3,5,2,2,4,8,9,2,7,2,7,2,2,13,3,3,2
2018,44,1,5,27,3,6,5,0,3,7,0,0,3,8,8,4,1,4,11,2,2,0,2,4,83,4,3,43,0,3,29,21,19,0,1,3,2,12,4,2,1,2,1,2,1,4,3,9,0,4,2,2,8,2,3,12,6,0,3
2018,45,2,4,21,3,2,3,2,1,4,1,0,1,14,8,5,2,5,8,1,1,1,1,2,75,2,3,45,2,0,26,12,20,2,1,1,5,7,2,5,0,2,1,0,4,3,6,7,3,2,1,3,7,6,1,5,2,0,6
2018,46,2,7,25,2,0,6,1,2,3,0,6,3,14,6,2,1,6,8,0,1,2,1,1,97,2,3,49,4,1,19,20,14,0,1,1,2,18,3,5,4,0,1,0,2,8,3,14,1,4,3,3,6,0,0,6,4,2,3
2018,47,1,12,22,2,2,5,1,4,1,3,1,2,17,14,5,3,7,7,5,2,1,3,3,79,2,1,49,1,2,18,14,17,0,2,2,3,9,2,4,2,2,0,1,7,1,3,9,6,3,2,4,6,1,1,11,2,3,4
2018,48,2,9,25,3,5,3,1,5,6,0,1,3,21,11,3,1,11,21,3,6,1,2,3,78,1,3,45,1,4,14,17,16,0,2,0,2,14,0,6,1,2,2,2,2,8,3,11,6,7,4,4,5,1,1,8,2,2,6
2018,49,1,9,22,2,2,4,2,4,4,1,2,5,9,10,2,1,8,14,1,4,3,4,4,96,0,4,43,3,1,26,14,15,1,1,0,2,15,0,6,5,1,2,0,2,6,2,10,4,4,5,1,5,2,1,10,7,0,8
2018,50,4,10,37,2,4,10,2,2,4,2,1,2,9,12,0,0,16,11,2,2,2,3,4,83,4,1,52,0,2,26,13,14,1,3,0,1,19,2,4,0,3,4,3,3,6,5,5,3,2,7,1,6,1,0,12,3,4,3
2018,51,0,7,26,2,3,2,3,2,3,0,3,2,17,11,3,1,16,19,0,3,2,3,1,104,1,2,42,2,2,22,20,19,0,2,3,4,20,1,8,3,5,2,4,4,5,5,16,2,2,7,3,4,2,0,13,2,3,0
2018,52,3,11,26,2,1,9,2,7,8,2,3,1,11,15,7,2,6,14,3,1,2,5,5,94,3,2,48,1,0,19,15,22,3,2,1,2,14,0,1,3,2,0,2,2,2,4,7,7,0,1,0,14,0,3,10,3,7,2
2019,1,8,8,21,2,1,8,3,4,4,0,7,5,14,10,3,0,21,16,5,2,2,2,4,110,1,1,60,2,2,33,28,24,3,3,4,5,17,0,5,2,5,2,0,6,6,6,18,7,0,2,6,12,2,1,11,3,5,5
2019,2,1,10,39,1,0,6,3,5,6,1,2,2,10,13,1,1,4,21,2,2,3,2,4,117,1,0,54,1,3,37,18,25,1,1,3,5,19,2,5,3,0,1,2,1,4,6,10,3,2,3,2,10,3,3,14,1,1,14
2019,3,2,5,33,8,5,5,4,3,7,0,1,2,10,12,5,1,6,14,1,4,7,2,5,101,0,0,75,2,4,23,21,19,0,2,2,6,15,0,6,1,1,2,1,3,7,9,7,5,6,5,1,11,1,0,11,1,2,5
2019,4,3,9,25,5,3,10,2,3,6,3,2,3,10,10,4,5,12,14,5,2,4,0,0,104,3,1,58,2,4,26,17,24,1,1,1,4,22,5,6,5,2,0,0,2,1,2,4,2,3,6,1,14,1,2,11,4,1,4
2019,5,3,11,29,6,3,6,2,2,3,1,2,2,26,10,4,2,10,18,5,3,3,1,1,101,6,1,58,1,3,27,24,18,2,4,5,7,20,3,5,3,4,2,1,2,10,4,12,2,2,3,3,15,2,2,12,2,1,2
2019,6,7,8,39,1,4,12,2,2,5,0,4,6,19,12,5,2,6,13,3,0,3,2,4,96,3,3,61,2,2,32,17,22,4,2,7,5,11,5,5,5,2,3,0,6,6,3,13,2,3,4,5,12,3,3,11,2,2,3
2019,7,6,5,39,4,1,4,4,1,5,1,2,4,11,7,6,3,10,23,2,2,5,2,4,98,7,0,48,2,6,24,27,17,0,4,3,4,20,1,7,1,0,1,1,6,5,4,14,5,2,2,0,8,2,2,13,1,3,4
2019,8,9,12,24,2,3,10,2,3,3,2,4,4,18,18,3,0,4,15,2,1,5,3,3,109,5,1,49,1,1,21,20,19,4,1,3,3,21,0,4,4,2,1,0,1,8,4,12,3,3,2,3,6,0,3,15,6,2,6
2019,9,1,6,29,0,0,8,1,4,2,1,0,4,23,19,4,4,7,17,2,0,2,4,3,103,3,2,39,4,4,29,15,22,3,2,3,3,21,3,4,4,4,1,1,5,8,5,9,5,0,8,2,10,2,2,12,1,3,2
2019,10,1,9,22,3,1,5,1,2,3,4,6,3,15,9,2,1,6,13,2,0,1,2,2,88,2,6,53,0,4,18,14,21,1,0,1,3,23,1,4,3,1,2,0,5,5,4,11,6,2,1,1,9,0,2,12,0,2,8
2019,11,5,10,29,5,2,9,1,5,6,3,5,4,15,11,5,4,3,15,1,3,0,3,2,89,3,3,59,2,2,29,13,17,1,1,5,2,15,2,4,2,4,1,3,1,2,3,12,3,2,6,1,9,4,0,9,6,3,6
2019,12,3,8,27,1,3,6,1,3,4,0,4,3,15,11,7,4,6,8,5,2,3,2,4,91,3,1,49,2,4,19,13,22,2,2,0,2,22,0,4,3,5,1,2,4,3,9,11,3,4,6,4,2,7,0,10,4,2,0
2019,13,2,6,20,2,4,9,1,4,8,1,3,3,7,7,2,1,8,18,3,2,1,3,0,78,1,1,50,0,1,21,14,14,1,0,3,1,9,1,2,2,3,2,2,1,9,9,7,2,5,3,5,4,0,1,12,5,1,2
2019,14,1,6,21,5,0,7,1,1,0,1,3,1,9,13,6,2,3,12,0,1,3,3,2,93,1,1,53,1,1,25,23,25,5,5,0,2,12,2,5,1,2,1,2,2,3,7,5,2,2,4,1,7,3,2,11,2,4,8
2019,15,2,4,21,2,2,7,1,5,1,0,1,3,10,10,3,2,3,8,1,2,1,0,1,71,4,3,39,2,1,16,11,20,2,1,3,0,22,2,4,3,2,1,1,2,6,4,7,4,5,0,6,4,0,0,10,3,1,3
2019,16,1,12,29,2,3,7,1,1,3,0,1,2,11,15,2,1,2,7,1,3,1,5,2,87,2,0,53,2,2,18,14,23,4,2,2,2,13,0,3,0,3,1,2,3,5,3,12,2,4,2,6,11,1,5,8,3,1,3
2019,17,3,9,20,2,4,7,4,3,5,2,1,5,13,7,2,2,2,7,1,0,2,3,5,72,2,2,41,2,1,14,20,19,1,4,1,1,12,3,6,5,2,2,3,5,9,10,14,4,1,2,3,8,1,1,16,0,4,4
2019,18,3,12,29,4,3,6,0,1,4,1,2,2,18,6,2,1,4,18,2,4,1,1,1,75,2,2,38,3,1,18,18,19,0,2,2,3,9,0,7,1,0,3,1,0,2,4,4,6,2,3,2,5,0,2,12,5,0,2
2019,19,4,13,17,3,4,5,0,4,1,0,2,2,15,8,1,0,7,18,3,2,1,0,1,70,0,3,46,0,2,27,11,9,3,0,2,1,14,0,4,3,3,0,3,3,2,5,12,3,2,4,1,6,2,1,15,1,2,1
2019,20,3,10,23,5,1,5,2,4,2,2,4,4,10,9,5,1,6,10,0,3,5,3,2,78,1,1,53,3,4,22,18,17,2,2,4,1,14,1,4,5,2,0,1,0,4,6,8,6,1,2,1,9,1,4,9,1,1,3
2019,21,4,12,29,4,1,3,1,3,1,3,1,3,8,10,3,2,12,14,1,1,1,2,1,73,3,1,54,1,4,24,21,21,1,1,1,5,22,1,8,4,2,0,1,3,6,2,4,4,2,2,7,3,1,1,10,0,4,2
2019,22,3,5,23,3,6,2,3,0,3,2,1,0,9,15,2,1,2,13,0,1,1,2,4,60,4,5,45,0,2,15,17,10,3,0,1,1,12,3,5,1,1,1,1,4,8,8,11,1,2,3,3,4,5,4,14,2,1,3
2019,23,3,8,19,3,2,6,1,6,7,1,0,4,8,8,1,3,4,11,1,2,2,1,2,51,2,0,38,1,8,11,13,13,2,2,1,3,9,1,2,5,3,0,1,2,2,5,12,6,1,7,1,9,0,3,9,3,1,4
2019,24,4,6,18,0,6,8,0,1,2,3,3,4,9,7,3,1,9,14,3,3,4,0,1,77,1,2,36,1,3,12,11,14,3,3,2,2,11,3,2,3,1,2,2,4,3,4,9,4,6,5,4,4,4,1,7,0,0,1
2019,25,4,8,20,2,2,6,1,0,1,2,2,1,8,10,5,4,3,13,5,1,4,8,2,75,0,1,46,0,2,17,18,20,3,1,2,2,12,1,6,3,2,2,1,2,4,3,4,4,3,1,5,9,0,1,12,2,1,6
2019,26,2,5,25,2,4,4,3,0,2,0,0,1,8,14,3,1,1,9,3,2,4,2,3,80,6,2,42,1,2,15,12,7,2,1,2,1,10,1,13,1,0,0,1,0,2,4,12,4,1,3,1,5,2,0,11,4,0,1
2019,27,3,9,22,0,4,1,2,2,2,0,3,0,6,12,3,1,6,11,2,0,2,3,2,87,5,4,37,1,2,14,13,8,1,2,3,0,10,3,3,5,2,1,6,2,3,0,11,3,0,4,2,3,4,1,10,0,1,3
2019,28,2,9,22,2,1,1,1,3,4,1,2,1,6,9,3,1,1,7,4,1,3,3,1,92,0,1,28,1,4,17,14,19,1,2,7,0,5,1,3,2,3,1,1,2,9,3,5,2,2,3,0,5,2,3,7,3,3,3
2019,29,0,10,27,3,2,5,3,3,1,1,5,2,17,11,5,1,2,12,1,1,0,3,2,73,2,0,43,1,3,15,18,13,1,3,2,2,10,3,10,2,2,0,0,0,2,5,8,1,0,1,3,5,0,1,11,1,1,3
2019,30,4,13,28,3,3,11,3,3,6,1,1,4,13,10,4,1,7,14,1,2,1,3,2,90,2,0,46,2,1,24,17,12,0,4,2,1,11,3,4,1,1,0,1,0,10,2,12,2,4,2,5,5,0,4,8,4,4,1
2019,31,2,11,20,1,1,6,1,1,3,0,1,4,16,8,2,3,15,9,2,3,1,4,1,76,0,3,41,1,1,19,13,20,0,4,2,3,18,1,5,4,2,1,0,2,4,4,7,7,1,4,5,2,3,2,5,2,1,3
2019,32,1,6,19,2,2,6,1,1,1,2,5,1,14,14,0,1,6,11,1,5,1,3,0,85,0,2,40,1,4,14,8,24,0,2,0,2,18,2,5,3,2,2,5,5,3,8,10,3,3,2,3,7,2,2,10,2,1,3
2019,33,1,6,27,7,2,7,0,3,5,2,3,1,7,8,5,1,4,16,0,1,1,5,1,79,2,2,38,3,2,26,9,19,2,0,1,2,9,1,8,2,1,1,1,3,2,2,5,3,0,3,5,5,1,5,5,0,1,2
2019,34,2,12,24,2,3,6,0,1,5,0,0,2,7,7,2,2,6,12,3,3,2,2,2,100,1,3,43,3,1,25,15,20,3,1,1,2,12,1,5,3,0,2,1,2,5,3,8,1,3,4,1,8,0,2,6,3,2,0
2019,35,4,7,19,2,0,6,3,1,2,0,2,2,6,18,3,1,6,15,2,1,1,3,2,75,0,3,36,1,2,13,22,18,2,3,4,4,6,2,2,0,1,0,2,0,4,3,7,1,3,5,3,10,1,2,9,1,2,3
2019,36,4,7,16,0,4,6,2,3,3,0,0,4,10,8,4,1,1,9,1,0,4,1,1,82,3,3,44,0,0,26,20,15,3,1,0,2,13,2,2,0,2,0,2,1,2,0,9,0,0,2,2,7,0,1,9,2,6,1
2019,37,6,10,15,6,5,6,1,2,4,1,1,3,11,7,3,1,6,13,0,4,3,2,1,91,2,2,51,0,0,20,12,17,5,2,1,1,9,0,5,1,1,0,1,3,5,5,6,6,4,7,1,8,2,4,9,2,3,3
2019,38,2,8,29,2,1,8,0,6,3,0,1,2,17,8,1,3,1,10,0,3,1,1,1,66,0,0,36,0,1,14,24,18,2,2,0,4,13,1,8,1,2,4,1,1,2,5,6,4,1,2,2,7,5,2,7,1,0,4
2019,39,2,6,22,3,2,0,0,1,9,0,0,2,10,15,1,1,1,7,2,4,4,2,3,82,5,3,41,1,5,20,19,19,4,3,3,0,15,1,6,1,3,1,3,1,7,3,5,5,2,2,3,2,3,1,14,2,2,1
2019,40,3,12,20,2,3,2,0,1,3,0,0,6,7,8,5,1,9,22,3,0,2,0,1,81,2,2,49,2,0,20,11,21,1,1,1,4,20,2,5,1,2,1,0,1,9,6,4,3,2,4,6,6,1,0,11,0,2,2
2019,41,3,6,18,1,2,8,1,1,2,1,2,3,7,9,2,1,5,12,3,5,0,3,1,72,2,2,37,0,2,26,19,21,0,1,1,5,15,2,6,3,0,1,2,1,9,8,9,4,1,6,2,8,3,3,10,4,3,4
2019,42,3,12,22,3,4,7,0,1,7,0,3,3,17,10,2,0,1,7,1,2,1,0,0,88,1,1,44,0,3,29,16,16,2,1,0,4,13,0,2,0,4,2,1,1,5,3,17,3,5,4,0,5,2,3,10,3,1,1
2019,43,4,6,17,2,3,2,2,2,0,1,4,2,15,11,1,2,4,8,3,1,1,2,4,67,7,2,48,0,6,18,13,14,0,3,0,6,14,1,8,3,4,3,4,5,2,6,5,2,2,3,2,14,2,6,12,1,0,2
2019,44,2,14,12,3,3,4,1,3,2,4,1,3,12,7,1,1,3,16,1,4,5,1,1,66,1,2,36,1,2,17,13,18,1,2,1,2,12,2,3,2,4,1,0,3,7,9,12,2,1,2,1,2,4,1,5,4,0,2
2019,45,1,12,19,6,1,6,2,5,1,0,4,4,12,8,2,3,0,16,8,1,2,3,3,98,3,4,36,3,2,20,16,13,4,1,1,1,10,3,8,1,2,0,2,3,6,4,4,5,1,1,1,5,2,2,5,1,5,9
2019,46,1,8,20,4,1,8,0,1,5,0,1,2,10,9,4,5,2,16,2,3,0,1,8,95,2,5,36,0,4,28,16,25,4,4,0,0,11,1,6,0,0,0,2,3,3,3,9,5,2,2,4,6,1,3,15,2,1,5
2019,47,3,7,20,3,6,7,3,3,1,1,0,0,17,6,3,3,7,10,2,2,1,1,2,78,1,0,42,1,4,22,7,12,1,5,0,5,14,2,0,1,2,0,1,3,13,4,13,0,1,7,2,6,4,1,9,3,1,4
2019,48,6,12,16,4,0,7,0,4,3,0,5,5,6,5,5,1,5,13,1,2,4,3,2,82,2,1,37,1,2,22,14,15,2,2,0,2,13,3,3,3,1,0,3,1,4,6,9,2,2,4,3,6,1,3,9,2,0,4
2019,49,3,7,29,3,3,6,0,1,8,2,3,3,19,10,3,3,6,18,0,4,7,2,1,99,1,2,48,2,1,19,19,19,1,4,0,2,17,3,7,1,1,1,3,4,8,1,7,2,3,5,5,5,2,3,7,4,1,2
2019,50,1,7,27,0,1,4,1,7,3,3,3,8,11,19,6,0,4,18,3,3,1,3,5,100,2,1,55,2,1,22,17,11,2,1,2,3,16,2,5,2,0,1,3,1,6,7,9,2,4,4,2,6,4,5,10,2,2,7
2019,51,6,12,28,2,3,4,1,4,2,0,5,4,14,11,6,3,7,14,1,3,4,3,2,77,4,6,52,1,2,15,22,17,2,3,4,3,13,0,9,3,2,2,2,2,8,4,11,3,1,1,4,4,2,1,15,3,3,6
2019,52,2,8,21,4,3,2,0,3,5,1,1,2,16,9,2,1,5,17,1,3,2,4,4,65,5,2,53,1,2,25,17,15,3,2,2,0,15,2,5,2,4,0,0,1,6,7,9,3,2,4,4,7,3,5,15,1,4,5
2020,1,1,5,28,2,5,4,2,0,5,0,1,5,11,6,4,3,7,7,5,0,0,4,3,68,3,1,31,3,0,10,12,19,0,2,0,2,13,0,6,3,1,1,3,2,2,5,5,1,1,5,2,4,2,2,9,1,1,4
2020,2,5,4,30,0,4,4,0,3,2,2,1,1,12,12,9,5,4,20,3,2,2,2,2,89,0,2,56,4,3,27,20,17,1,0,2,2,12,1,7,1,2,2,2,1,7,8,11,3,0,6,4,6,3,2,11,3,2,5
2020,3,3,16,26,2,3,4,3,2,1,1,1,2,18,7,3,0,0,19,1,2,1,3,3,82,0,3,49,0,5,33,25,23,3,2,2,3,19,0,2,3,1,0,2,4,3,2,9,0,4,8,2,14,1,3,9,2,1,2
2020,4,4,14,38,3,2,7,3,5,3,1,5,2,10,10,4,4,1,14,1,2,2,2,3,113,2,5,43,1,0,25,21,18,2,2,2,3,16,2,9,0,3,1,2,2,4,4,4,5,2,6,1,12,3,2,9,4,1,7
2020,5,8,15,30,2,4,7,3,2,0,1,1,5,9,12,5,1,9,22,1,1,3,0,6,109,0,3,53,2,5,26,15,22,3,1,0,2,14,2,6,1,4,1,0,1,5,3,8,7,3,7,7,8,1,4,12,1,1,6
2020,6,0,11,26,3,3,6,1,3,1,1,5,3,14,12,5,2,2,22,3,5,2,3,5,95,2,0,52,1,5,26,13,17,2,4,2,6,13,2,9,3,4,4,0,6,8,4,11,6,2,3,4,6,0,1,12,2,0,3
2020,7,2,11,23,3,3,7,0,2,5,0,2,0,13,12,5,3,8,22,2,6,1,1,2,109,1,3,70,0,0,32,23,24,3,1,4,1,17,4,4,4,3,4,0,2,4,6,7,2,3,6,4,8,0,2,16,3,3,6
2020,8,2,8,31,5,4,8,0,7,1,1,0,3,19,15,2,4,6,22,1,1,3,0,6,77,4,1,53,1,0,23,9,18,3,1,3,1,27,1,4,2,3,2,2,7,5,2,6,5,1,6,3,10,4,1,11,2,3,5
2020,9,4,7,25,3,3,9,2,5,6,2,3,3,13,13,4,1,9,10,0,2,2,6,3,93,2,1,54,2,2,20,11,22,1,4,0,7,20,3,5,4,3,2,4,2,1,2,13,0,1,0,2,8,2,3,8,1,1,5
2020,10,2,12,33,3,3,7,1,0,3,1,1,3,11,7,3,3,3,14,2,2,3,2,3,79,3,2,49,2,1,31,17,25,2,3,1,3,19,5,6,3,0,0,1,2,2,2,9,3,2,3,7,5,3,3,13,0,1,6
2020,11,5,5,24,3,3,11,5,8,4,0,1,4,10,13,4,4,8,15,4,4,1,1,6,96,4,3,38,0,3,24,16,12,1,6,2,2,18,2,6,5,3,0,3,5,5,6,10,4,2,5,3,2,1,2,15,2,6,4
2020,12,3,10,28,6,5,7,2,4,7,1,5,3,10,8,2,5,12,17,2,4,3,1,3,97,4,8,48,1,1,14,21,15,1,2,3,0,14,2,8,2,2,1,3,4,8,2,6,2,3,4,2,8,3,3,12,4,4,3
2020,13,1,11,19,2,0,6,1,3,3,0,3,6,13,14,1,5,9,20,4,2,7,1,3,78,0,6,39,4,2,20,19,13,1,2,1,4,9,1,5,4,6,5,1,2,7,0,12,5,4,5,4,5,0,1,6,3,2,5
2020,14,6,11,28,2,3,8,3,1,3,1,3,1,7,15,5,1,4,15,1,1,4,1,1,93,2,2,38,1,1,18,12,11,1,3,3,3,12,3,3,6,1,2,1,0,1,5,6,3,1,11,1,4,4,2,8,2,1,4
2020,15,2,5,33,1,1,3,2,3,3,3,2,3,14,12,4,3,9,11,2,1,0,3,3,95,2,0,49,6,1,19,20,12,7,3,1,5,7,1,8,2,2,1,0,3,6,5,5,3,3,17,1,7,2,0,7,6,4,6
2020,16,4,7,35,2,1,4,0,2,6,0,1,1,11,8,2,1,14,17,4,3,6,1,5,86,16,2,48,6,6,18,8,16,3,2,3,4,15,1,5,2,3,3,3,4,0,5,8,2,1,8,5,3,3,2,12,5,1,7
2020,17,2,10,18,1,4,12,2,2,2,1,1,1,13,7,3,1,3,11,2,1,4,0,6,78,3,3,47,2,0,14,18,23,2,3,1,7,12,1,9,2,3,3,0,3,6,9,9,1,1,7,4,4,2,2,5,6,2,5
2020,18,1,5,31,1,4,6,0,2,7,2,3,0,16,7,3,3,5,14,3,3,2,2,2,76,9,1,40,0,0,16,17,11,1,0,2,2,12,0,7,1,4,5,0,2,5,6,8,5,1,4,1,1,3,0,8,0,1,3
2020,19,1,7,24,6,6,5,0,1,7,1,2,1,12,10,1,3,4,12,3,3,3,3,5,84,2,1,51,0,2,14,16,17,5,0,0,4,14,0,6,3,1,1,3,2,6,2,9,1,3,3,2,5,0,0,7,0,0,4
2020,20,2,6,25,1,0,3,1,3,4,1,1,2,7,14,3,2,8,7,1,0,2,1,1,80,2,3,52,1,1,21,17,11,2,2,2,1,11,2,3,1,3,1,1,4,1,5,12,3,2,4,3,2,1,3,7,5,4,5
2020,21,1,5,30,1,1,3,2,1,6,1,3,1,10,11,5,2,7,19,0,4,0,4,3,90,1,3,53,1,1,21,18,19,0,1,1,2,7,1,3,4,2,0,3,1,6,3,11,7,1,3,1,7,2,1,11,2,4,4
2020,22,1,8,17,7,1,4,1,4,0,1,1,3,13,15,3,1,4,4,4,1,2,2,3,67,1,0,58,2,2,15,9,17,1,4,1,4,9,0,1,0,0,2,0,2,2,5,3,2,1,3,1,7,0,1,9,2,1,3
2020,23,3,10,30,4,2,6,1,3,3,1,0,2,9,11,3,0,13,9,3,2,4,1,2,62,0,1,36,1,3,19,17,17,1,1,1,1,13,1,7,1,0,4,2,4,9,3,4,3,1,4,2,4,0,2,4,4,2,4
2020,24,0,7,24,2,2,7,3,3,3,1,2,1,7,6,3,1,2,10,8,2,3,2,2,89,0,1,49,1,4,21,10,17,1,1,1,2,11,2,1,2,5,0,2,4,4,6,8,1,5,4,5,4,1,2,7,3,3,8
2020,25,0,11,23,3,1,7,2,2,4,1,3,1,11,7,7,1,5,5,1,2,1,2,0,87,1,0,38,0,4,26,12,11,4,4,1,3,18,0,2,0,4,0,2,1,5,6,11,5,3,3,0,13,4,0,6,1,4,6
2020,26,1,12,22,1,4,6,1,4,4,1,3,0,13,13,2,0,5,14,3,4,6,3,3,78,1,1,56,3,4,17,20,17,0,0,1,4,16,0,4,2,3,3,0,5,3,7,7,2,0,9,2,6,1,1,12,4,1,5
2020,27,5,9,24,1,2,6,0,1,3,0,0,1,12,9,2,3,5,13,2,5,2,0,3,84,2,1,40,1,3,15,9,13,2,2,3,3,17,3,3,2,0,1,2,4,5,10,8,3,1,0,1,5,3,2,12,0,1,7
2020,28,4,6,20,2,7,2,1,1,2,0,0,1,9,12,5,0,6,10,4,1,0,1,2,70,1,2,48,1,0,11,8,22,2,1,3,2,8,0,3,1,1,3,2,2,5,5,4,4,1,4,1,6,2,1,10,2,1,2
2020,29,3,7,19,2,3,6,0,1,4,0,2,0,13,10,2,0,2,10,2,0,2,2,1,90,3,1,42,0,1,17,15,12,1,4,3,2,12,3,2,4,3,1,1,2,6,1,7,1,3,2,5,2,3,1,7,3,2,5
2020,30,1,7,27,3,0,12,1,2,3,1,2,2,15,6,4,1,7,13,0,3,0,2,2,74,1,1,44,0,3,17,22,16,0,2,1,0,13,1,7,2,1,0,2,3,9,7,8,2,1,5,2,2,2,2,12,2,0,3
2020,31,6,2,21,3,0,3,1,2,3,4,0,3,12,9,1,2,8,10,0,5,3,3,3,86,3,2,49,0,0,23,16,16,4,5,4,7,9,0,7,1,2,1,4,3,6,4,12,3,0,2,1,6,3,3,10,4,0,7
2020,32,3,9,16,4,0,3,2,2,4,3,1,1,10,14,4,3,3,8,0,1,4,2,2,69,5,0,49,0,0,18,21,19,2,2,2,4,16,2,6,2,3,2,5,4,4,4,11,3,4,3,3,8,3,0,6,3,0,2
2020,33,4,11,24,2,0,10,0,2,2,2,2,2,11,14,2,1,5,11,1,2,3,2,5,94,1,2,40,3,3,22,16,11,3,3,2,4,11,1,8,1,3,1,2,1,6,4,7,1,3,1,4,4,2,2,9,7,0,3
2020,34,1,8,18,4,0,4,2,2,5,3,0,1,11,12,3,0,6,14,4,1,0,0,4,67,1,2,41,3,1,17,13,18,4,4,2,2,7,4,7,2,4,2,0,2,5,4,9,2,4,4,3,4,4,2,11,2,0,4
2020,35,1,4,23,2,3,7,3,0,3,2,1,4,13,6,0,3,3,21,1,0,2,3,4,69,0,0,48,0,2,16,14,12,1,1,3,0,12,1,6,6,1,2,2,2,3,4,7,1,0,1,1,7,0,1,9,4,3,4
2020,36,3,7,24,3,2,5,2,1,5,1,1,1,8,13,4,0,7,11,2,2,2,1,2,85,3,2,36,1,2,21,17,25,5,1,1,2,17,1,2,1,3,0,2,1,5,8,8,2,4,3,1,5,4,0,8,4,1,6
2020,37,1,7,20,3,0,4,0,5,6,2,0,0,16,14,4,1,7,10,4,4,0,5,3,90,0,0,42,2,2,13,16,15,3,2,0,2,12,1,5,2,2,3,2,2,6,5,9,3,2,6,1,10,4,3,10,3,2,3
2020,38,5,8,29,3,1,5,4,2,3,1,1,1,11,15,4,4,10,11,1,5,2,5,2,75,4,4,63,1,4,14,18,15,2,1,2,0,12,3,4,4,4,0,1,3,5,3,13,6,3,1,1,5,1,3,8,2,1,11
2020,39,2,7,30,2,0,10,1,4,3,1,1,5,12,8,3,2,3,7,1,2,1,2,4,72,2,2,31,3,2,20,12,7,1,4,1,3,14,1,9,4,3,1,2,1,7,5,9,2,1,5,3,11,0,0,8,4,3,6
2020,40,0,9,25,5,4,6,1,3,8,0,4,3,10,8,4,3,10,7,3,1,1,2,1,98,1,1,52,0,4,24,17,15,2,0,4,2,11,3,6,3,3,2,0,3,9,3,4,4,3,2,2,4,5,1,13,5,1,1
2020,41,3,9,20,4,1,5,0,2,7,1,4,1,16,10,5,6,3,15,4,2,3,4,4,74,3,3,58,3,2,26,14,14,2,2,1,5,18,0,2,1,1,0,1,2,2,1,15,5,2,1,2,11,3,2,7,5,5,2
2020,42,2,11,34,3,6,5,1,4,6,1,2,3,9,11,1,1,5,20,4,3,4,1,0,81,0,2,54,0,7,17,15,33,3,4,2,3,18,0,5,3,1,2,0,9,5,9,8,1,2,3,4,6,1,0,15,1,2,2
2020,43,6,12,43,4,2,11,3,5,5,2,2,2,11,17,1,3,14,13,1,5,5,5,3,96,6,3,56,2,2,29,23,18,1,2,3,2,22,0,8,1,2,1,3,6,8,6,10,3,3,2,2,7,4,3,9,6,2,5
2020,44,2,24,36,4,10,14,2,4,9,1,2,3,10,14,5,3,8,31,1,5,3,3,2,101,4,1,68,4,2,22,15,26,4,3,5,2,26,1,14,3,2,3,3,13,9,12,20,3,2,7,4,9,2,3,7,5,3,6
2020,45,5,15,45,0,10,14,2,4,6,1,2,1,10,29,2,5,9,27,5,7,1,3,3,98,3,5,61,0,3,37,20,25,2,3,1,3,31,2,13,2,2,4,4,6,8,8,26,4,5,3,2,19,7,6,9,5,3,6
2020,46,3,8,62,3,5,14,3,9,15,1,3,4,23,19,5,4,5,35,3,1,3,6,6,130,4,3,84,4,4,40,29,36,1,2,1,5,27,1,11,4,3,1,0,3,12,14,24,4,3,4,5,11,5,1,18,3,3,10
2020,47,1,17,48,2,3,19,8,9,6,3,2,6,20,26,7,1,7,36,1,1,4,8,1,130,3,3,72,0,5,54,40,33,2,2,6,5,32,2,9,8,3,2,0,2,10,9,16,4,7,3,6,6,3,2,15,2,3,6
2020,48,1,16,41,4,4,5,2,9,8,1,7,3,27,31,4,4,8,25,4,3,3,10,3,128,3,2,95,2,5,48,42,41,4,4,11,2,38,4,6,2,2,1,2,3,10,5,24,4,2,5,3,15,4,4,20,7,9,10
2020,49,3,17,60,4,5,9,4,4,5,2,3,6,24,32,6,5,4,27,4,4,6,16,5,141,1,3,89,1,2,43,39,40,4,6,6,6,31,3,4,11,1,0,1,1,7,7,20,10,3,4,3,8,5,0,14,6,2,6
2020,50,3,18,47,11,3,6,3,7,6,3,5,4,25,22,3,6,10,22,4,2,4,3,10,137,2,1,10,2,2,32,29,31,6,2,9,3,34,3,4,10,2,4,2,4,12,3,17,7,6,3,5,9,2,3,14,4,0,5
